PEC is printed as Te arrays for each Ne value
np
     100
ne
  7.00000e+13
  5.60000e+14
  1.89000e+15
  4.48000e+15
  8.75000e+15
  1.51200e+16
  2.40100e+16
  3.58400e+16
  5.10300e+16
  7.00000e+16
  9.31700e+16
  1.20960e+17
  1.53790e+17
  1.92080e+17
  2.36250e+17
  2.86720e+17
  3.43910e+17
  4.08240e+17
  4.80130e+17
  5.60000e+17
  6.48270e+17
  7.45360e+17
  8.51690e+17
  9.67680e+17
  1.09375e+18
  1.23032e+18
  1.37781e+18
  1.53664e+18
  1.70723e+18
  1.89000e+18
  2.08537e+18
  2.29376e+18
  2.51559e+18
  2.75128e+18
  3.00125e+18
  3.26592e+18
  3.54571e+18
  3.84104e+18
  4.15233e+18
  4.48000e+18
  4.82447e+18
  5.18616e+18
  5.56549e+18
  5.96288e+18
  6.37875e+18
  6.81352e+18
  7.26761e+18
  7.74144e+18
  8.23543e+18
  8.75000e+18
  9.28557e+18
  9.84256e+18
  1.04214e+19
  1.10225e+19
  1.16462e+19
  1.22931e+19
  1.29635e+19
  1.36578e+19
  1.43765e+19
  1.51200e+19
  1.58887e+19
  1.66830e+19
  1.75033e+19
  1.83501e+19
  1.92237e+19
  2.01247e+19
  2.10534e+19
  2.20102e+19
  2.29956e+19
  2.40100e+19
  2.50538e+19
  2.61274e+19
  2.72312e+19
  2.83657e+19
  2.95312e+19
  3.07283e+19
  3.19573e+19
  3.32186e+19
  3.45127e+19
  3.58400e+19
  3.72009e+19
  3.85958e+19
  4.00251e+19
  4.14893e+19
  4.29887e+19
  4.45239e+19
  4.60952e+19
  4.77030e+19
  4.93478e+19
  5.10300e+19
  5.27500e+19
  5.45082e+19
  5.63050e+19
  5.81409e+19
  6.00163e+19
  6.19315e+19
  6.38871e+19
  6.58834e+19
  6.79209e+19
  7.00000e+19
te
    0.0020000001
     0.016000001
     0.054000001
      0.12800001
      0.25000000
      0.43200001
      0.68599999
       1.0240000
       1.4580001
       2.0000000
       2.6619999
       3.4560001
       4.3940001
       5.4879999
       6.7500000
       8.1920004
       9.8260002
       11.664001
       13.717999
       16.000000
       18.521999
       21.296000
       24.334000
       27.648001
       31.250000
       35.152000
       39.366001
       43.903999
       48.778000
       54.000000
       59.581997
       65.536003
       71.874001
       78.608002
       85.750000
       93.312004
       101.30600
       109.74400
       118.63800
       128.00000
       137.84200
       148.17599
       159.01401
       170.36800
       182.25000
       194.67200
       207.64600
       221.18401
       235.29799
       250.00000
       265.30200
       281.21600
       297.75400
       314.92801
       332.75000
       351.23199
       370.38602
       390.22400
       410.75800
       432.00000
       453.96201
       476.65598
       500.09399
       524.28802
       549.25000
       574.99200
       601.52600
       628.86401
       657.01801
       686.00000
       715.82196
       746.49603
       778.03400
       810.44800
       843.75000
       877.95197
       913.06604
       949.10400
       986.07800
       1024.0000
       1062.8820
       1102.7360
       1143.5740
       1185.4080
       1228.2500
       1272.1121
       1317.0060
       1362.9440
       1409.9380
       1458.0000
       1507.1420
       1557.3760
       1608.7140
       1661.1680
       1714.7500
       1769.4720
       1825.3459
       1882.3839
       1940.5980
       2000.0000
pec
      0.00000
      0.00000
  1.19503e-41
  6.17781e-25
  4.61715e-12
  0.000168753
     0.809812
      90.4577
      259.377
      105.119
      47.8256
      25.2031
      14.9651
      9.96847
      7.17586
      5.28575
      3.98477
      3.11298
      2.50896
      2.07034
      1.73924
      1.48130
      1.27513
      1.10687
     0.967128
     0.849663
     0.750344
     0.665929
     0.593820
     0.531902
     0.478302
     0.431490
     0.390291
     0.353861
     0.321626
     0.293084
     0.267789
     0.245322
     0.225268
     0.207282
     0.191078
     0.176423
     0.163121
     0.151024
     0.140006
     0.129955
     0.120774
     0.112378
     0.104693
    0.0976517
    0.0911944
    0.0852667
    0.0798196
    0.0748088
    0.0701928
    0.0659345
    0.0620004
    0.0583611
    0.0549898
    0.0518630
    0.0489594
    0.0462597
    0.0437469
    0.0414052
    0.0392198
    0.0371775
    0.0352663
    0.0334756
    0.0317957
    0.0302179
    0.0287345
    0.0273385
    0.0260238
    0.0247848
    0.0236163
    0.0225136
    0.0214723
    0.0204884
    0.0195580
    0.0186779
    0.0178448
    0.0170559
    0.0163085
    0.0156001
    0.0149284
    0.0142913
    0.0136866
    0.0131126
    0.0125673
    0.0120492
    0.0115568
    0.0110885
    0.0106430
    0.0102193
   0.00981613
   0.00943238
   0.00906705
   0.00871917
   0.00838782
   0.00807214
      0.00000
      0.00000
  9.38492e-41
  4.86710e-24
  3.64638e-11
   0.00133064
      6.21425
      652.692
      1578.40
      564.368
      233.247
      113.883
      63.3369
      39.6670
      27.0792
      19.2828
      14.1969
      10.8245
      8.52637
      6.91570
      5.74733
      4.86265
      4.16952
      3.61265
      3.15556
      2.77462
      2.45440
      2.18324
      1.95205
      1.75362
      1.58196
      1.43224
      1.30070
      1.18460
      1.08200
     0.991255
     0.910883
     0.839501
     0.775703
     0.718326
     0.666429
     0.619251
     0.576179
     0.536802
     0.500786
     0.467825
     0.437639
     0.409946
     0.384480
     0.361007
     0.339326
     0.319260
     0.300653
     0.283373
     0.267313
     0.252380
     0.238488
     0.225558
     0.213515
     0.202294
     0.191830
     0.182068
     0.172954
     0.164438
     0.156468
     0.148995
     0.141977
     0.135377
     0.129159
     0.123295
     0.117756
     0.112521
     0.107571
     0.102887
    0.0984550
    0.0942586
    0.0902836
    0.0865168
    0.0829459
    0.0795589
    0.0763436
    0.0732878
    0.0703802
    0.0676108
    0.0649705
    0.0624508
    0.0600441
    0.0577436
    0.0555427
    0.0534358
    0.0514173
    0.0494833
    0.0476318
    0.0458611
    0.0441690
    0.0425535
    0.0410122
    0.0395425
    0.0381421
    0.0368083
      0.00000
      0.00000
  2.95367e-40
  1.56124e-23
  1.18666e-10
   0.00431320
      19.0108
      1782.01
      3681.85
      1151.47
      429.268
      193.773
      101.414
      60.5787
      39.8854
      27.6600
      19.9498
      14.9402
      11.5908
      9.29252
      7.65840
      6.43921
      5.49530
      4.74575
      4.13751
      3.63552
      3.21638
      2.86283
      2.56187
      2.30355
      2.08042
      1.88663
      1.71748
      1.56907
      1.43815
      1.32206
      1.21863
      1.12610
      1.04298
     0.968074
     0.900331
     0.838881
     0.782976
     0.731963
     0.685279
     0.642440
     0.603034
     0.566716
     0.533198
     0.502220
     0.473552
     0.446988
     0.422342
     0.399448
     0.378160
     0.358345
     0.339884
     0.322668
     0.306597
     0.291581
     0.277540
     0.264396
     0.252083
     0.240536
     0.229690
     0.219487
     0.209873
     0.200801
     0.192229
     0.184118
     0.176436
     0.169150
     0.162237
     0.155672
     0.149432
     0.143498
     0.137850
     0.132473
     0.127348
     0.122463
     0.117803
     0.113359
     0.109118
     0.105072
     0.101211
    0.0975244
    0.0940047
    0.0906433
    0.0874324
    0.0843644
    0.0814323
    0.0786292
    0.0759483
    0.0733831
    0.0709276
    0.0685760
    0.0663230
    0.0641636
    0.0620931
    0.0601070
      0.00000
      0.00000
  6.58645e-40
  3.52841e-23
  2.70984e-10
   0.00984531
      40.4284
      3439.10
      6282.74
      1767.42
      611.882
      261.009
      130.677
      75.8340
      49.0268
      33.4262
      23.7340
      17.5613
      13.5013
      10.7462
      8.80851
      7.38617
      6.30045
      5.44193
      4.74202
      4.16053
      3.67475
      3.26712
      2.92352
      2.63229
      2.38175
      2.16230
      1.96713
      1.79281
      1.63882
      1.50417
      1.38747
      1.28648
      1.19765
      1.11812
      1.04576
     0.978962
     0.916640
     0.858526
     0.804565
     0.754633
     0.708558
     0.666089
     0.626942
     0.590850
     0.557566
     0.526858
     0.498514
     0.472333
     0.448090
     0.425578
     0.404616
     0.385049
     0.366740
     0.349571
     0.333437
     0.318247
     0.303920
     0.290388
     0.277607
     0.265536
     0.254139
     0.243377
     0.233216
     0.223621
     0.214559
     0.205996
     0.197893
     0.190216
     0.182934
     0.176019
     0.169447
     0.163193
     0.157236
     0.151557
     0.146139
     0.140967
     0.136027
     0.131304
     0.126788
     0.122467
     0.118329
     0.114366
     0.110567
     0.106925
     0.103431
     0.100078
    0.0968601
    0.0937724
    0.0908094
    0.0879661
    0.0852375
    0.0826189
    0.0801057
    0.0776935
      0.00000
      0.00000
  1.22689e-39
  6.64118e-23
  5.14172e-10
    0.0186745
      72.5869
      5726.86
      9509.46
      2464.19
      805.503
      328.846
      159.073
      90.2653
      57.5367
      38.7143
      27.1568
      19.9069
      15.1974
      12.0284
      9.81821
      8.21552
      7.00532
      6.05148
      5.27108
      4.61940
      4.07479
      3.61960
      3.23882
      2.91924
      2.64521
      2.40356
      2.18548
      1.98809
      1.81354
      1.66251
      1.53437
      1.42644
      1.33324
      1.25034
      1.17454
      1.10353
      1.03583
     0.971575
     0.911206
     0.854976
     0.802961
     0.755012
     0.710858
     0.670229
     0.632861
     0.598508
     0.566933
     0.537902
     0.511116
     0.486295
     0.463198
     0.441624
     0.421399
     0.402378
     0.384434
     0.367458
     0.351358
     0.336064
     0.321553
     0.307807
     0.294806
     0.282523
     0.270933
     0.260007
     0.249715
     0.240015
     0.230860
     0.222204
     0.214009
     0.206238
     0.198860
     0.191845
     0.185168
     0.178804
     0.172732
     0.166933
     0.161388
     0.156082
     0.150999
     0.146127
     0.141452
     0.136963
     0.132649
     0.128501
     0.124509
     0.120667
     0.116969
     0.113413
     0.109994
     0.106707
     0.103549
     0.100516
    0.0976029
    0.0948059
      0.00000
      0.00000
  2.03956e-39
  1.11343e-22
  8.67732e-10
    0.0315070
      117.093
      8687.00
      13342.2
      3232.98
      1008.38
      397.167
      186.798
      104.073
      65.5753
      43.6502
      30.3167
      22.0542
      16.7402
      13.1889
      10.7285
      8.96183
      7.63940
      6.59987
      5.74688
      5.03165
      4.43377
      3.93565
      3.52152
      3.17677
      2.88196
      2.62053
      2.38177
      2.16334
      1.97005
      1.80419
      1.66587
      1.55203
      1.45534
      1.36989
      1.29145
      1.21698
      1.14464
      1.07491
      1.00875
     0.946789
     0.889357
     0.836412
     0.787696
     0.742939
     0.701871
     0.664226
     0.629750
     0.598177
     0.569139
     0.542281
     0.517306
     0.493966
     0.472054
     0.451394
     0.431839
     0.413265
     0.395565
     0.378669
     0.362577
     0.347294
     0.332819
     0.319138
     0.306236
     0.294090
     0.282674
     0.271942
     0.261834
     0.252295
     0.243279
     0.234742
     0.226644
     0.218953
     0.211636
     0.204665
     0.198014
     0.191660
     0.185582
     0.179759
     0.174175
     0.168814
     0.163661
     0.158702
     0.153927
     0.149324
     0.144882
     0.140596
     0.136462
     0.132477
     0.128640
     0.124947
     0.121395
     0.117981
     0.114701
     0.111550
      0.00000
      0.00000
  3.13445e-39
  1.72349e-22
  1.35066e-09
    0.0490304
      175.435
      12355.6
      17765.2
      4067.34
      1219.29
      465.894
      213.976
      117.382
      73.2420
      48.3114
      33.2735
      24.0494
      18.1663
      14.2570
      11.5637
      9.64546
      8.22007
      7.10212
      6.18252
      5.40878
      4.76185
      4.22430
      3.77971
      3.41215
      3.09859
      2.81919
      2.56142
      2.32350
      2.11286
      1.93335
      1.78580
      1.66680
      1.56726
      1.47985
      1.39933
      1.32196
      1.24550
      1.17080
      1.09933
      1.03207
     0.969618
     0.912043
     0.859105
     0.810535
     0.766056
     0.725389
     0.688261
     0.654379
     0.623306
     0.594616
     0.567955
     0.543033
     0.519604
     0.497467
     0.476453
     0.456421
     0.437254
     0.418878
     0.401319
     0.384607
     0.368757
     0.353774
     0.339649
     0.326369
     0.313912
     0.302227
     0.291242
     0.280895
     0.271129
     0.261893
     0.253143
     0.244839
     0.236944
     0.229427
     0.222256
     0.215404
     0.208846
     0.202559
     0.196524
     0.190722
     0.185137
     0.179754
     0.174559
     0.169541
     0.164688
     0.159993
     0.155456
     0.151075
     0.146851
     0.142781
     0.138863
     0.135095
     0.131473
     0.127995
      0.00000
      0.00000
  4.54804e-39
  2.51636e-22
  1.98154e-09
    0.0719176
      249.009
      16764.5
      22765.7
      4962.26
      1437.33
      534.969
      240.696
      130.280
      80.6040
      52.7495
      36.0670
      25.9231
      19.4994
      15.2520
      12.3396
      10.2797
      8.75863
      7.56797
      6.58649
      5.75823
      5.06560
      4.49139
      4.01861
      3.63010
      3.29936
      3.00342
      2.72795
      2.47179
      2.24492
      2.05269
      1.89665
      1.77305
      1.67114
      1.58221
      1.50004
      1.42019
      1.34003
      1.26076
      1.18433
      1.11212
      1.04497
     0.983065
     0.926175
     0.874042
     0.826382
     0.782905
     0.743322
     0.707315
     0.674378
     0.644016
     0.615822
     0.589458
     0.564648
     0.541161
     0.518808
     0.497430
     0.476901
     0.457145
     0.438210
     0.420154
     0.403011
     0.386801
     0.371527
     0.357182
     0.343749
     0.331174
     0.319374
     0.308277
     0.297817
     0.287939
     0.278589
     0.269724
     0.261301
     0.253285
     0.245641
     0.238336
     0.231343
     0.224635
     0.218189
     0.211986
     0.206006
     0.200234
     0.194654
     0.189253
     0.184019
     0.178946
     0.174033
     0.169283
     0.164697
     0.160274
     0.156014
     0.151914
     0.147972
     0.144187
      0.00000
      0.00000
  6.31568e-39
  3.51359e-22
  2.77860e-09
     0.100829
      339.137
      21942.5
      28332.5
      5913.75
      1661.80
      604.352
      267.020
      142.827
      87.7096
      57.0014
      38.7250
      27.6966
      20.7562
      16.1870
      13.0670
      10.8736
      9.26289
      8.00419
      6.96467
      6.08517
      5.34957
      4.74097
      4.24185
      3.83387
      3.48723
      3.17588
      2.88381
      2.61044
      2.36823
      2.16406
      2.00013
      1.87239
      1.76847
      1.67836
      1.59487
      1.51287
      1.42935
      1.34582
      1.26476
      1.18787
      1.11629
      1.05029
     0.989668
     0.934176
     0.883524
     0.837411
     0.795534
     0.757551
     0.722889
     0.690986
     0.661381
     0.633693
     0.607610
     0.582877
     0.559282
     0.536651
     0.514846
     0.493789
     0.473555
     0.454226
     0.435857
     0.418483
     0.402119
     0.386766
     0.372413
     0.358999
     0.346435
     0.334636
     0.323531
     0.313054
     0.303149
     0.293765
     0.284856
     0.276381
     0.268302
     0.260583
     0.253190
     0.246095
     0.239273
     0.232701
     0.226358
     0.220227
     0.214290
     0.208535
     0.202946
     0.197518
     0.192254
     0.187157
     0.182231
     0.177475
     0.172892
     0.168479
     0.164236
     0.160161
      0.00000
      0.00000
  8.47183e-39
  4.73630e-22
  3.75981e-09
     0.136413
      447.081
      27916.0
      34456.2
      6918.47
      1892.15
      674.008
      292.999
      155.072
      94.5949
      61.0945
      41.2683
      29.3856
      21.9490
      17.0719
      13.7540
      11.4339
      9.73852
      8.41566
      7.32133
      6.39332
      5.61705
      4.97596
      4.45202
      4.02582
      3.66432
      3.33852
      3.03076
      2.74103
      2.48426
      2.26878
      2.09746
      1.96595
      1.86032
      1.76931
      1.68477
      1.60089
      1.51428
      1.42677
      1.34131
      1.26000
      1.18420
      1.11431
      1.05014
     0.991466
     0.937980
     0.889377
     0.845340
     0.805504
     0.769233
     0.735898
     0.704983
     0.676067
     0.648804
     0.622911
     0.598155
     0.574349
     0.551340
     0.529051
     0.507581
     0.487039
     0.467501
     0.449016
     0.431613
     0.415300
     0.400072
     0.385866
     0.372579
     0.360120
     0.348408
     0.337372
     0.326948
     0.317081
     0.307720
     0.298821
     0.290340
     0.282236
     0.274475
     0.267024
     0.259854
     0.252941
     0.246262
     0.239797
     0.233529
     0.227441
     0.221521
     0.215760
     0.210164
     0.204740
     0.199491
     0.194421
     0.189531
     0.184822
     0.180293
     0.175944
      0.00000
      0.00000
  1.10501e-38
  6.20521e-22
  4.94285e-09
     0.179309
      574.049
      34709.2
      41128.5
      7973.65
      2127.91
      743.912
      318.670
      167.051
      101.288
      65.0498
      43.7126
      31.0021
      23.0870
      17.9140
      14.4066
      11.9656
      10.1898
      8.80608
      7.65967
      6.68550
      5.87052
      5.19855
      4.65111
      4.20773
      3.83226
      3.49282
      3.17014
      2.86479
      2.59412
      2.36788
      2.18959
      2.05461
      1.94752
      1.85582
      1.77045
      1.68492
      1.59545
      1.50418
      1.41455
      1.32901
      1.24918
      1.17557
      1.10803
      1.04631
     0.990127
     0.939158
     0.893075
     0.851493
     0.813711
     0.779035
     0.746897
     0.716835
     0.688469
     0.661489
     0.635644
     0.610727
     0.586577
     0.563114
     0.540463
     0.518759
     0.498100
     0.478552
     0.460153
     0.442922
     0.426859
     0.411898
     0.397925
     0.384840
     0.372556
     0.360993
     0.350082
     0.339763
     0.329980
     0.320685
     0.311830
     0.303371
     0.295267
     0.287485
     0.279993
     0.272762
     0.265770
     0.258994
     0.252416
     0.246017
     0.239784
     0.233708
     0.227799
     0.222063
     0.216509
     0.211139
     0.205958
     0.200967
     0.196167
     0.191558
      0.00000
      0.00000
  1.40834e-38
  7.94070e-22
  6.34517e-09
     0.230151
      721.206
      42344.8
      48341.9
      9076.87
      2368.71
      814.040
      344.065
      178.793
      107.811
      68.8838
      46.0702
      32.5554
      24.1773
      18.7190
      15.0293
      12.4726
      10.6200
      9.17829
      7.98219
      6.96388
      6.11190
      5.41044
      4.84062
      4.38097
      3.99229
      3.63990
      3.30297
      2.98265
      2.69865
      2.46212
      2.27722
      2.13903
      2.03070
      1.93848
      1.85247
      1.76548
      1.67335
      1.57852
      1.48490
      1.39531
      1.31162
      1.23444
      1.16366
      1.09903
      1.04026
     0.987033
     0.939004
     0.895766
     0.856558
     0.820620
     0.787334
     0.756196
     0.726794
     0.698792
     0.671916
     0.645946
     0.620709
     0.596122
     0.572338
     0.549518
     0.527781
     0.507209
     0.487852
     0.469740
     0.452877
     0.437193
     0.422566
     0.408887
     0.396060
     0.383998
     0.372629
     0.361884
     0.351705
     0.342039
     0.332835
     0.324044
     0.315622
     0.307531
     0.299737
     0.292211
     0.284927
     0.277859
     0.270989
     0.264297
     0.257768
     0.251395
     0.245187
     0.239156
     0.233309
     0.227654
     0.222195
     0.216936
     0.211877
     0.207019
      0.00000
      0.00000
  1.76041e-38
  9.96284e-22
  7.98403e-09
     0.289560
      889.676
      50843.9
      56089.6
      10226.0
      2614.21
      884.376
      369.210
      190.322
      114.182
      72.6101
      48.3511
      34.0528
      25.2257
      19.4914
      15.6259
      12.9579
      11.0318
      9.53457
      8.29086
      7.23020
      6.34270
      5.61298
      5.02177
      4.54662
      4.14540
      3.78066
      3.43007
      3.09534
      2.79852
      2.55213
      2.36092
      2.21976
      2.11034
      2.01777
      1.93127
      1.84299
      1.74836
      1.65014
      1.55270
      1.45921
      1.37180
      1.29119
      1.21729
      1.14986
      1.08862
      1.03323
     0.983338
     0.938524
     0.897963
     0.860832
     0.826463
     0.794311
     0.763931
     0.734961
     0.707108
     0.680135
     0.653857
     0.628193
     0.603318
     0.579422
     0.556644
     0.535084
     0.514803
     0.495841
     0.478209
     0.461832
     0.446580
     0.432333
     0.418988
     0.406454
     0.394649
     0.383503
     0.372951
     0.362937
     0.353406
     0.344303
     0.335583
     0.327203
     0.319128
     0.311325
     0.303766
     0.296424
     0.289279
     0.282310
     0.275501
     0.268844
     0.262352
     0.256038
     0.249913
     0.243985
     0.238260
     0.232743
     0.227436
     0.222342
      0.00000
      0.00000
  2.16438e-38
  1.22914e-21
  9.87650e-09
     0.358156
      1080.55
      60226.4
      64365.6
      11419.3
      2864.14
      954.904
      394.125
      201.658
      120.416
      76.2395
      50.5635
      35.5006
      26.2368
      20.2349
      16.1993
      13.4240
      11.4272
      9.87676
      8.58728
      7.48583
      6.56414
      5.80725
      5.19552
      4.70557
      4.29238
      3.91584
      3.55210
      3.20347
      2.89428
      2.63839
      2.44117
      2.29721
      2.18686
      2.09408
      2.00722
      1.91777
      1.82080
      1.71934
      1.61823
      1.52098
      1.42998
      1.34606
      1.26915
      1.19902
      1.13539
      1.07792
      1.02625
     0.979929
     0.938080
     0.899818
     0.864423
     0.831311
     0.800004
     0.770115
     0.741331
     0.713401
     0.686125
     0.659422
     0.633494
     0.608557
     0.584773
     0.562256
     0.541082
     0.521299
     0.502924
     0.485881
     0.470028
     0.455238
     0.441399
     0.428414
     0.416196
     0.404669
     0.393764
     0.383422
     0.373582
     0.364188
     0.355188
     0.346537
     0.338198
     0.330135
     0.322317
     0.314717
     0.307312
     0.300081
     0.293005
     0.286078
     0.279314
     0.272730
     0.266338
     0.260148
     0.254168
     0.248403
     0.242859
     0.237537
      0.00000
      0.00000
  2.62338e-38
  1.49460e-21
  1.20395e-08
     0.436547
      1294.88
      70511.3
      73164.3
      12655.1
      3118.24
      1025.61
      418.830
      212.818
      126.524
      79.7813
      52.7141
      36.9038
      27.2146
      20.9526
      16.7520
      13.8731
      11.8081
      10.2064
      8.87275
      7.73194
      6.77725
      5.99416
      5.36268
      4.85854
      4.43390
      4.04602
      3.66961
      3.30753
      2.98638
      2.72132
      2.51832
      2.37175
      2.26059
      2.16771
      2.08060
      1.99012
      1.89094
      1.78637
      1.68172
      1.58084
      1.48637
      1.39924
      1.31941
      1.24668
      1.18074
      1.12127
      1.06788
      1.02012
     0.977038
     0.937698
     0.901328
     0.867304
     0.835117
     0.804353
     0.774680
     0.745831
     0.717595
     0.689889
     0.662942
     0.636997
     0.612236
     0.588791
     0.566751
     0.546173
     0.527080
     0.509394
     0.492963
     0.477650
     0.463339
     0.449923
     0.437311
     0.425422
     0.414184
     0.403531
     0.393401
     0.383731
     0.374467
     0.365562
     0.356974
     0.348666
     0.340604
     0.332760
     0.325109
     0.317628
     0.310299
     0.303114
     0.296090
     0.289246
     0.282598
     0.276156
     0.269930
     0.263929
     0.258156
     0.252616
      0.00000
      0.00000
  3.14048e-38
  1.79459e-21
  1.44897e-08
     0.525341
      1533.71
      81716.4
      82480.5
      13931.8
      3376.32
      1096.48
      443.340
      223.815
      132.519
      83.2432
      54.8086
      38.2665
      28.1622
      21.6470
      17.2862
      14.3067
      12.1759
      10.5246
      9.14838
      7.96948
      6.98286
      6.17444
      5.52391
      5.00614
      4.57051
      4.17172
      3.78304
      3.40792
      3.07517
      2.80125
      2.59269
      2.44366
      2.33181
      2.23892
      2.15167
      2.06027
      1.95899
      1.85144
      1.74336
      1.63896
      1.54112
      1.45088
      1.36823
      1.29297
      1.22480
      1.16339
      1.10835
      1.05920
      1.01494
     0.974574
     0.937275
     0.902382
     0.869356
     0.837757
     0.807233
     0.777500
     0.748338
     0.719662
     0.691727
     0.664802
     0.639093
     0.614746
     0.591864
     0.570514
     0.550726
     0.532418
     0.515429
     0.499614
     0.484848
     0.471020
     0.458032
     0.445798
     0.434242
     0.423295
     0.412890
     0.402960
     0.393448
     0.384304
     0.375481
     0.366941
     0.358649
     0.350574
     0.342689
     0.334971
     0.327399
     0.319967
     0.312694
     0.305601
     0.298705
     0.292021
     0.285559
     0.279329
     0.273337
     0.267587
      0.00000
      0.00000
  3.71871e-38
  2.13103e-21
  1.72438e-08
     0.625136
      1798.03
      93858.9
      92309.6
      15248.2
      3638.16
      1167.51
      467.668
      234.663
      138.409
      86.6319
      56.8517
      39.5923
      29.0824
      22.3202
      17.8034
      14.7264
      12.5318
      10.8326
      9.41508
      8.19926
      7.18168
      6.34872
      5.67978
      5.14886
      4.70266
      4.29334
      3.89279
      3.50501
      3.16099
      2.87847
      2.66456
      2.51319
      2.40075
      2.30795
      2.22065
      2.12842
      2.02515
      1.91472
      1.80332
      1.69551
      1.59439
      1.50113
      1.41573
      1.33801
      1.26769
      1.20440
      1.14776
      1.09727
      1.05189
      1.01053
     0.972347
     0.936625
     0.902797
     0.870398
     0.839056
     0.808473
     0.778416
     0.748800
     0.719904
     0.692026
     0.665392
     0.640168
     0.616467
     0.594367
     0.573904
     0.554993
     0.537464
     0.521165
     0.505962
     0.491738
     0.478390
     0.465827
     0.453968
     0.442742
     0.432076
     0.421900
     0.412154
     0.402783
     0.393738
     0.384980
     0.376469
     0.368175
     0.360068
     0.352123
     0.344320
     0.336650
     0.329137
     0.321804
     0.314671
     0.307753
     0.301063
     0.294613
     0.288409
     0.282457
      0.00000
      0.00000
  4.36107e-38
  2.50579e-21
  2.03182e-08
     0.736528
      2088.83
      106955.
      102647.
      16603.1
      3903.60
      1238.69
      491.827
      245.371
      144.201
      89.9531
      58.8478
      40.8844
      29.9774
      22.9741
      18.3052
      15.1333
      12.8769
      11.1313
      9.67366
      8.42197
      7.37431
      6.51754
      5.83076
      5.28715
      4.83075
      4.41126
      3.99918
      3.59907
      3.24409
      2.95322
      2.73414
      2.58056
      2.46762
      2.37498
      2.28770
      2.19473
      2.08956
      1.97636
      1.86174
      1.75060
      1.64630
      1.55010
      1.46203
      1.38192
      1.30949
      1.24438
      1.18620
      1.13443
      1.08795
      1.04565
      1.00661
     0.970099
     0.935502
     0.902337
     0.870208
     0.838804
     0.807881
     0.777350
     0.747520
     0.718714
     0.691179
     0.665098
     0.640599
     0.617768
     0.596648
     0.577153
     0.559102
     0.542334
     0.526710
     0.512105
     0.498411
     0.485533
     0.473386
     0.461894
     0.450981
     0.440572
     0.430604
     0.421018
     0.411764
     0.402798
     0.394081
     0.385578
     0.377259
     0.369099
     0.361073
     0.353176
     0.345432
     0.337868
     0.330504
     0.323361
     0.316451
     0.309788
     0.303379
     0.297233
      0.00000
      0.00000
  5.07049e-38
  2.92076e-21
  2.37292e-08
     0.860108
      2407.07
      121021.
      113488.
      17995.3
      4172.49
      1310.01
      515.827
      255.950
      149.904
      93.2118
      60.8004
      42.1454
      30.8494
      23.6103
      18.7930
      15.5286
      13.2121
      11.4213
      9.92478
      8.63819
      7.56128
      6.68136
      5.97727
      5.42137
      4.95512
      4.52578
      4.10250
      3.69037
      3.32471
      3.02572
      2.80163
      2.64595
      2.53258
      2.44017
      2.35299
      2.25936
      2.15238
      2.03650
      1.91874
      1.80436
      1.69695
      1.59788
      1.50721
      1.42478
      1.35031
      1.28343
      1.22375
      1.17073
      1.12320
      1.07999
      1.04014
      1.00286
     0.967529
     0.933626
     0.900739
     0.868542
     0.836777
     0.805358
     0.774617
     0.744905
     0.716490
     0.689573
     0.664295
     0.640751
     0.618992
     0.598928
     0.580370
     0.563150
     0.547118
     0.532146
     0.518121
     0.504941
     0.492518
     0.480773
     0.469624
     0.458994
     0.448815
     0.439026
     0.429574
     0.420412
     0.411498
     0.402797
     0.394276
     0.385908
     0.377670
     0.369554
     0.361587
     0.353800
     0.346215
     0.338853
     0.331730
     0.324861
     0.318255
     0.311920
      0.00000
      0.00000
  5.84991e-38
  3.37779e-21
  2.74931e-08
     0.996461
      2753.68
      136071.
      124830.
      19423.8
      4444.69
      1381.46
      539.678
      266.407
      155.522
      96.4124
      62.7126
      43.3777
      31.7001
      24.2300
      19.2676
      15.9131
      13.5381
      11.7035
      10.1690
      8.84846
      7.74303
      6.84058
      6.11967
      5.55186
      5.07608
      4.63718
      4.20297
      3.77913
      3.40304
      3.09614
      2.86720
      2.70951
      2.59579
      2.50367
      2.41665
      2.32243
      2.21373
      2.09523
      1.97443
      1.85689
      1.74645
      1.64458
      1.55137
      1.46667
      1.39020
      1.32160
      1.26046
      1.20624
      1.15770
      1.11362
      1.07298
      1.03497
     0.998926
     0.964312
     0.930693
     0.897727
     0.865146
     0.832862
     0.801231
     0.770633
     0.741359
     0.713625
     0.687585
     0.663345
     0.640963
     0.620345
     0.601295
     0.583635
     0.567210
     0.551884
     0.537539
     0.524070
     0.511383
     0.499395
     0.488022
     0.477183
     0.466804
     0.456822
     0.447182
     0.437833
     0.428732
     0.419842
     0.411128
     0.402563
     0.394120
     0.385793
     0.377612
     0.369608
     0.361808
     0.354235
     0.346907
     0.339838
     0.333041
     0.326524
      0.00000
      0.00000
  6.70221e-38
  3.87872e-21
  3.16260e-08
      1.14617
      3129.60
      152120.
      136669.
      20887.7
      4720.06
      1453.04
      563.387
      276.751
      161.061
      99.5587
      64.5874
      44.5832
      32.5311
      24.8347
      19.7303
      16.2877
      13.8557
      11.9783
      10.4070
      9.05320
      7.91997
      6.99555
      6.25826
      5.67890
      5.19386
      4.74568
      4.30083
      3.86553
      3.47926
      3.16465
      2.93099
      2.77139
      2.65738
      2.56561
      2.47880
      2.38405
      2.27369
      2.15268
      2.02891
      1.90828
      1.79487
      1.69026
      1.59457
      1.50766
      1.42925
      1.35897
      1.29641
      1.24101
      1.19150
      1.14657
      1.10517
      1.06646
      1.02974
     0.994436
     0.960110
     0.926398
     0.893023
     0.859894
     0.827395
     0.795931
     0.765815
     0.737281
     0.710496
     0.685575
     0.662584
     0.641428
     0.621899
     0.603812
     0.587005
     0.571338
     0.556685
     0.542937
     0.529997
     0.517778
     0.506192
     0.495152
     0.484584
     0.474419
     0.464599
     0.455073
     0.445795
     0.436724
     0.427826
     0.419071
     0.410432
     0.401901
     0.393513
     0.385300
     0.377293
     0.369514
     0.361986
     0.354724
     0.347742
     0.341050
      0.00000
      0.00000
  7.63025e-38
  4.42538e-21
  3.61439e-08
      1.30981
      3535.71
      169182.
      149000.
      22386.2
      4998.49
      1524.73
      586.962
      286.986
      166.525
      102.654
      66.4270
      45.7639
      33.3436
      25.4252
      20.1817
      16.6531
      14.1654
      12.2464
      10.6390
      9.25284
      8.09244
      7.14658
      6.39332
      5.80273
      5.30872
      4.85149
      4.39625
      3.94976
      3.55353
      3.23138
      2.99313
      2.83170
      2.71747
      2.62609
      2.53955
      2.44433
      2.33239
      2.20892
      2.08224
      1.95860
      1.84228
      1.73500
      1.63688
      1.54780
      1.46749
      1.39558
      1.33164
      1.27510
      1.22464
      1.17889
      1.13677
      1.09738
      1.06000
      1.02403
     0.989023
     0.954587
     0.920438
     0.886485
     0.853136
     0.820824
     0.789884
     0.760566
     0.733051
     0.707464
     0.683878
     0.662196
     0.642200
     0.623699
     0.606523
     0.590524
     0.575574
     0.561558
     0.548375
     0.535935
     0.524145
     0.512915
     0.502166
     0.491828
     0.481838
     0.472143
     0.462696
     0.453453
     0.444379
     0.435441
     0.426613
     0.417886
     0.409297
     0.400882
     0.392673
     0.384696
     0.376974
     0.369525
     0.362363
     0.355501
      0.00000
      0.00000
  8.63684e-38
  5.01956e-21
  4.10627e-08
      1.48796
      3972.92
      187270.
      161822.
      23918.3
      5279.88
      1596.55
      610.410
      297.121
      171.921
      105.702
      68.2338
      46.9212
      34.1390
      26.0026
      20.6228
      17.0099
      14.4679
      12.5082
      10.8655
      9.44770
      8.26075
      7.29394
      6.52511
      5.92357
      5.42083
      4.95481
      4.48941
      4.03195
      3.62597
      3.29645
      3.05374
      2.89056
      2.77615
      2.68521
      2.59899
      2.50335
      2.38988
      2.26402
      2.13452
      2.00792
      1.88876
      1.77886
      1.67836
      1.58716
      1.50499
      1.43148
      1.36620
      1.30855
      1.25717
      1.21063
      1.16781
      1.12776
      1.08974
      1.05314
      1.01746
     0.982324
     0.947421
     0.912662
     0.878481
     0.845338
     0.813589
     0.783502
     0.755272
     0.729033
     0.704865
     0.682669
     0.662218
     0.643314
     0.625778
     0.609460
     0.594223
     0.579948
     0.566532
     0.553880
     0.541895
     0.530483
     0.519562
     0.509059
     0.498908
     0.489053
     0.479443
     0.470036
     0.460793
     0.451681
     0.442670
     0.433754
     0.424970
     0.416360
     0.407955
     0.399786
     0.391875
     0.384244
     0.376909
     0.369881
      0.00000
      0.00000
  9.72480e-38
  5.66308e-21
  4.63982e-08
      1.68120
      4442.09
      206398.
      175130.
      25483.4
      5564.12
      1668.47
      633.737
      307.159
      177.250
      108.705
      70.0098
      48.0567
      34.9183
      26.5677
      21.0541
      17.3587
      14.7635
      12.7641
      11.0870
      9.63812
      8.42517
      7.43788
      6.65383
      6.04163
      5.53040
      5.05578
      4.58045
      4.11225
      3.69672
      3.35999
      3.11292
      2.94806
      2.83352
      2.74307
      2.65720
      2.56120
      2.44626
      2.31807
      2.18580
      2.05630
      1.93436
      1.82188
      1.71906
      1.62578
      1.54180
      1.46672
      1.40013
      1.34140
      1.28912
      1.24182
      1.19832
      1.15764
      1.11900
      1.08178
      1.04546
      1.00964
     0.973996
     0.938448
     0.903452
     0.869494
     0.836952
     0.806111
     0.777178
     0.750299
     0.725561
     0.702863
     0.681969
     0.662671
     0.644787
     0.628158
     0.612643
     0.598120
     0.584479
     0.571623
     0.559452
     0.547868
     0.536783
     0.526122
     0.515817
     0.505809
     0.496046
     0.486482
     0.477077
     0.467796
     0.458610
     0.449510
     0.440539
     0.431738
     0.423144
     0.414787
     0.406694
     0.398886
     0.391382
     0.384194
      0.00000
      0.00000
  1.08969e-37
  6.35770e-21
  5.21661e-08
      1.89008
      4944.08
      226578.
      188922.
      27080.7
      5851.12
      1740.50
      656.949
      317.105
      182.517
      111.665
      71.7566
      49.1716
      35.6825
      27.1213
      21.4762
      17.6999
      15.0527
      13.0144
      11.3036
      9.82437
      8.58596
      7.57860
      6.77967
      6.15708
      5.63757
      5.15457
      4.66951
      4.19077
      3.76587
      3.42208
      3.17076
      3.00429
      2.88966
      2.79973
      2.71426
      2.61793
      2.50158
      2.37113
      2.23614
      2.10380
      1.97913
      1.86413
      1.75902
      1.66371
      1.57794
      1.50134
      1.43346
      1.37369
      1.32054
      1.27250
      1.22833
      1.18704
      1.14781
      1.10998
      1.07304
      1.03655
      1.00019
     0.963867
     0.928070
     0.893312
     0.859991
     0.828408
     0.798787
     0.771280
     0.745984
     0.722794
     0.701466
     0.681785
     0.663562
     0.646631
     0.630848
     0.616084
     0.602227
     0.589176
     0.576827
     0.565077
     0.553836
     0.543026
     0.532574
     0.522421
     0.512511
     0.502796
     0.493236
     0.483794
     0.474438
     0.465161
     0.456008
     0.447022
     0.438243
     0.429704
     0.421434
     0.413454
     0.405786
     0.398443
      0.00000
      0.00000
  1.21559e-37
  7.10521e-21
  5.83821e-08
      2.11517
      5479.74
      247822.
      203195.
      28709.6
      6140.80
      1812.63
      680.051
      326.965
      187.724
      114.585
      73.4760
      50.2672
      36.4325
      27.6640
      21.8898
      18.0341
      15.3359
      13.2595
      11.5157
      10.0067
      8.74332
      7.71631
      6.90283
      6.27008
      5.74249
      5.25130
      4.75671
      4.26762
      3.83353
      3.48281
      3.22735
      3.05932
      2.94465
      2.85527
      2.77023
      2.67363
      2.55592
      2.42325
      2.28560
      2.15048
      2.02312
      1.90565
      1.79829
      1.70098
      1.61347
      1.53536
      1.46623
      1.40543
      1.35144
      1.30268
      1.25787
      1.21598
      1.17618
      1.13777
      1.10022
      1.06307
      1.02601
     0.988936
     0.952355
     0.916810
     0.882723
     0.850412
     0.820113
     0.791991
     0.766146
     0.742475
     0.720724
     0.700669
     0.682115
     0.664892
     0.648848
     0.633851
     0.619786
     0.606548
     0.594028
     0.582120
     0.570731
     0.559777
     0.549187
     0.538894
     0.528844
     0.518986
     0.509277
     0.499679
     0.490159
     0.480711
     0.471381
     0.462216
     0.453258
     0.444542
     0.436098
     0.427952
     0.420124
     0.412630
      0.00000
      0.00000
  1.35045e-37
  7.90736e-21
  6.50617e-08
      2.35704
      6049.89
      270144.
      217946.
      30369.5
      6433.08
      1884.86
      703.048
      336.742
      192.875
      117.467
      75.1693
      51.3444
      37.1690
      28.1965
      22.2953
      18.3616
      15.6134
      13.4998
      11.7235
      10.1853
      8.89747
      7.85119
      7.02344
      6.38077
      5.84530
      5.34610
      4.84215
      4.34290
      3.89978
      3.54227
      3.28275
      3.11323
      2.99855
      2.90976
      2.82518
      2.72834
      2.60931
      2.47448
      2.33422
      2.19637
      2.06638
      1.94646
      1.83691
      1.73764
      1.64841
      1.56883
      1.49847
      1.43667
      1.38186
      1.33239
      1.28697
      1.24451
      1.20414
      1.16517
      1.12702
      1.08924
      1.05149
      1.01367
     0.976322
     0.940004
     0.905164
     0.872137
     0.841172
     0.812444
     0.786062
     0.761919
     0.739753
     0.719334
     0.700458
     0.682949
     0.666653
     0.651432
     0.637166
     0.623747
     0.611064
     0.599005
     0.587474
     0.576385
     0.565661
     0.555236
     0.545052
     0.535056
     0.525204
     0.515456
     0.505779
     0.496165
     0.486663
     0.477323
     0.468191
     0.459302
     0.450691
     0.442382
     0.434398
     0.426759
      0.00000
      0.00000
  1.49454e-37
  8.76590e-21
  7.22205e-08
      2.61624
      6655.37
      293553.
      233173.
      32059.7
      6727.87
      1957.18
      725.944
      346.440
      197.973
      120.312
      76.8380
      52.4044
      37.8929
      28.7193
      22.6931
      18.6829
      15.8857
      13.7354
      11.9274
      10.3605
      9.04859
      7.98339
      7.14166
      6.48928
      5.94610
      5.43906
      4.92594
      4.41670
      3.96470
      3.60053
      3.33703
      3.16607
      3.05142
      2.96324
      2.87917
      2.78213
      2.66182
      2.52488
      2.38206
      2.24151
      2.10893
      1.98663
      1.87490
      1.77371
      1.68279
      1.60178
      1.53021
      1.46744
      1.41182
      1.36167
      1.31564
      1.27263
      1.23172
      1.19220
      1.15347
      1.11507
      1.07665
      1.03810
     0.999988
     0.962910
     0.927329
     0.893597
     0.861977
     0.832653
     0.805743
     0.781137
     0.758566
     0.737790
     0.718600
     0.700814
     0.684272
     0.668834
     0.654375
     0.640783
     0.627942
     0.615740
     0.604073
     0.592854
     0.582004
     0.571453
     0.561140
     0.551013
     0.541024
     0.531131
     0.521302
     0.511526
     0.501857
     0.492348
     0.483046
     0.473990
     0.465214
     0.456747
     0.448613
     0.440831
      0.00000
      0.00000
  1.64813e-37
  9.68256e-21
  7.98738e-08
      2.89333
      7296.97
      318062.
      248873.
      33779.7
      7025.13
      2029.60
      748.742
      356.062
      203.019
      123.124
      78.4832
      53.4478
      38.6047
      29.2330
      23.0837
      18.9981
      16.1528
      13.9666
      12.1275
      10.5324
      9.19683
      8.11306
      7.25763
      6.59574
      6.04502
      5.53029
      5.00816
      4.48910
      4.02837
      3.65765
      3.39027
      3.21791
      3.10332
      3.01579
      2.93223
      2.83503
      2.71349
      2.57447
      2.42914
      2.28595
      2.15082
      2.02616
      1.91231
      1.80922
      1.71665
      1.63422
      1.56148
      1.49774
      1.44134
      1.39053
      1.34392
      1.30036
      1.25893
      1.21887
      1.17957
      1.14057
      1.10149
      1.06222
      1.02337
     0.985541
     0.949230
     0.914804
     0.882539
     0.852629
     0.825201
     0.800140
     0.777171
     0.756046
     0.736550
     0.718495
     0.701715
     0.686066
     0.671420
     0.657661
     0.644670
     0.632329
     0.620534
     0.609191
     0.598220
     0.587549
     0.577114
     0.566860
     0.556739
     0.546708
     0.536731
     0.526799
     0.516968
     0.507295
     0.497827
     0.488607
     0.479671
     0.471050
     0.462769
     0.454849
      0.00000
      0.00000
  1.81148e-37
  1.06591e-20
  8.80370e-08
      3.18887
      7975.51
      343681.
      265044.
      35528.9
      7324.77
      2102.10
      771.448
      365.611
      208.016
      125.902
      80.1060
      54.4756
      39.3050
      29.7379
      23.4675
      19.3078
      16.4152
      14.1938
      12.3239
      10.7011
      9.34235
      8.24033
      7.37144
      6.70024
      6.14215
      5.61988
      5.08890
      4.56017
      4.09085
      3.71370
      3.44250
      3.26879
      3.15430
      3.06743
      2.98443
      2.88709
      2.76436
      2.62331
      2.47552
      2.32973
      2.19208
      2.06511
      1.94915
      1.84420
      1.75001
      1.66619
      1.59229
      1.52762
      1.47045
      1.41899
      1.37181
      1.32773
      1.28578
      1.24520
      1.20536
      1.16576
      1.12603
      1.08606
      1.04647
      1.00791
     0.970880
     0.935770
     0.902869
     0.872383
     0.844444
     0.818938
     0.795580
     0.774113
     0.754318
     0.735999
     0.718988
     0.703135
     0.688308
     0.674389
     0.661254
     0.648781
     0.636862
     0.625402
     0.614316
     0.603530
     0.592978
     0.582603
     0.572355
     0.562190
     0.552070
     0.541987
     0.531999
     0.522165
     0.512536
     0.503156
     0.494065
     0.485294
     0.476870
     0.468815
      0.00000
      0.00000
  1.98487e-37
  1.16972e-20
  9.67253e-08
      3.50341
      8691.76
      370421.
      281683.
      37306.9
      7626.74
      2174.69
      794.063
      375.092
      212.967
      128.648
      81.7076
      55.4885
      39.9945
      30.2346
      23.8447
      19.6121
      16.6730
      14.4169
      12.5170
      10.8669
      9.48530
      8.36533
      7.48322
      6.80289
      6.23757
      5.70792
      5.16823
      4.62998
      4.15221
      3.76872
      3.49379
      3.31878
      3.20441
      3.11822
      3.03580
      2.93835
      2.81446
      2.67143
      2.52121
      2.37286
      2.23274
      2.10349
      1.98547
      1.87868
      1.78289
      1.69770
      1.62266
      1.55708
      1.49916
      1.44708
      1.39934
      1.35474
      1.31230
      1.27121
      1.23083
      1.19065
      1.15028
      1.10963
      1.06932
      1.03003
     0.992289
     0.956505
     0.922979
     0.891925
     0.863484
     0.837540
     0.813799
     0.791998
     0.771910
     0.753336
     0.736100
     0.720049
     0.705047
     0.690973
     0.677700
     0.665101
     0.653064
     0.641491
     0.630296
     0.619400
     0.608737
     0.598246
     0.587876
     0.577582
     0.567323
     0.557094
     0.546952
     0.536962
     0.527175
     0.517641
     0.508398
     0.499480
     0.490916
     0.482731
      0.00000
      0.00000
  2.16855e-37
  1.27985e-20
  1.05954e-07
      3.83749
      9446.50
      398294.
      298789.
      39113.3
      7930.97
      2247.36
      816.593
      384.505
      217.872
      131.365
      83.2888
      56.4872
      40.6736
      30.7235
      24.2157
      19.9113
      16.9264
      14.6364
      12.7067
      11.0299
      9.62578
      8.48817
      7.59307
      6.90378
      6.33138
      5.79447
      5.24621
      4.69859
      4.21249
      3.82278
      3.54417
      3.36790
      3.25368
      3.16821
      3.08638
      2.98885
      2.86384
      2.71887
      2.56626
      2.41538
      2.27283
      2.14133
      2.02127
      1.91268
      1.81531
      1.72878
      1.65263
      1.58614
      1.52750
      1.47480
      1.42652
      1.38143
      1.33850
      1.29691
      1.25601
      1.21526
      1.17427
      1.13293
      1.09191
      1.05191
      1.01347
     0.977020
     0.942876
     0.911263
     0.882328
     0.855953
     0.831837
     0.809709
     0.789335
     0.770511
     0.753056
     0.736813
     0.721642
     0.707420
     0.694013
     0.681293
     0.669144
     0.657464
     0.646164
     0.635164
     0.624394
     0.613792
     0.603305
     0.592886
     0.582494
     0.572122
     0.561831
     0.551688
     0.541749
     0.532063
     0.522671
     0.513611
     0.504911
     0.496598
      0.00000
      0.00000
  2.36278e-37
  1.39649e-20
  1.15738e-07
      4.19166
      10240.5
      427308.
      316359.
      40947.4
      8237.43
      2320.12
      839.038
      393.854
      222.734
      134.053
      84.8506
      57.4722
      41.3428
      31.2048
      24.5808
      20.2056
      17.1758
      14.8522
      12.8934
      11.1902
      9.76393
      8.60894
      7.70107
      7.00299
      6.42365
      5.87962
      5.32292
      4.76606
      4.27176
      3.87591
      3.59370
      3.41621
      3.30216
      3.21741
      3.13621
      3.03863
      2.91253
      2.76565
      2.61068
      2.45733
      2.31237
      2.17865
      2.05659
      1.94622
      1.84730
      1.75945
      1.68220
      1.61483
      1.55547
      1.50217
      1.45337
      1.40779
      1.36439
      1.32232
      1.28090
      1.23960
      1.19799
      1.15599
      1.11427
      1.07355
      1.03443
     0.997323
     0.962570
     0.930406
     0.900984
     0.874186
     0.849702
     0.827253
     0.806599
     0.787531
     0.769863
     0.753433
     0.738099
     0.723733
     0.710199
     0.697363
     0.685107
     0.673325
     0.661925
     0.650825
     0.639953
     0.629245
     0.618645
     0.608106
     0.597585
     0.587074
     0.576639
     0.566347
     0.556258
     0.546424
     0.536888
     0.527688
     0.518856
     0.510419
      0.00000
      0.00000
  2.56782e-37
  1.51979e-20
  1.26093e-07
      4.56647
      11074.5
      457475.
      334391.
      42808.9
      8546.04
      2392.95
      861.404
      403.141
      227.555
      136.713
      86.3937
      58.4443
      42.0025
      31.6790
      24.9403
      20.4954
      17.4212
      15.0647
      13.0772
      11.3479
      9.89985
      8.72776
      7.80732
      7.10061
      6.51444
      5.96341
      5.39841
      4.83244
      4.33005
      3.92816
      3.64241
      3.46373
      3.34988
      3.26588
      3.18531
      3.08771
      2.96056
      2.81180
      2.65452
      2.49871
      2.35139
      2.21548
      2.09145
      1.97932
      1.87887
      1.78972
      1.71140
      1.64316
      1.58310
      1.52922
      1.47990
      1.43385
      1.38998
      1.34744
      1.30552
      1.26367
      1.22147
      1.17880
      1.13639
      1.09498
      1.05517
      1.01742
     0.982070
     0.949362
     0.919461
     0.892246
     0.867399
     0.844636
     0.823708
     0.804402
     0.786526
     0.769916
     0.754424
     0.739919
     0.726262
     0.713316
     0.700957
     0.689078
     0.677583
     0.666388
     0.655418
     0.644608
     0.633900
     0.623245
     0.612598
     0.601953
     0.591377
     0.580940
     0.570706
     0.560726
     0.551049
     0.541713
     0.532752
     0.524195
      0.00000
      0.00000
  2.78394e-37
  1.64992e-20
  1.37033e-07
      4.96245
      11949.3
      488804.
      352883.
      44697.5
      8856.77
      2465.85
      883.691
      412.368
      232.336
      139.346
      87.9190
      59.4040
      42.6532
      32.1463
      25.2944
      20.7807
      17.6629
      15.2739
      13.2581
      11.5032
      10.0336
      8.84470
      7.91189
      7.19669
      6.60384
      6.04592
      5.47274
      4.89779
      4.38741
      3.97957
      3.69034
      3.51052
      3.39687
      3.31364
      3.23373
      3.13613
      3.00795
      2.85735
      2.69779
      2.53957
      2.38991
      2.25184
      2.12586
      2.01200
      1.91004
      1.81961
      1.74023
      1.67114
      1.61040
      1.55594
      1.50613
      1.45961
      1.41530
      1.37229
      1.32988
      1.28750
      1.24470
      1.20139
      1.15829
      1.11620
      1.07572
      1.03733
      1.00138
     0.968137
     0.937764
     0.910139
     0.884937
     0.861864
     0.840669
     0.821129
     0.803051
     0.786265
     0.770621
     0.755982
     0.742208
     0.729155
     0.716698
     0.704727
     0.693141
     0.681856
     0.670793
     0.659885
     0.649073
     0.638306
     0.627538
     0.616762
     0.606048
     0.595470
     0.585093
     0.574973
     0.565158
     0.555689
     0.546602
     0.537927
      0.00000
      0.00000
  3.01138e-37
  1.78706e-20
  1.48574e-07
      5.38016
      12865.6
      521305.
      371834.
      46612.6
      9169.56
      2538.83
      905.902
      421.538
      237.079
      141.954
      89.4270
      60.3517
      43.2953
      32.6070
      25.6433
      21.0617
      17.9009
      15.4800
      13.4363
      11.6561
      10.1654
      8.95984
      8.01486
      7.29132
      6.69189
      6.12720
      5.54595
      4.96213
      4.44388
      4.03017
      3.73753
      3.55658
      3.44318
      3.36073
      3.28150
      3.18391
      3.05473
      2.90232
      2.74052
      2.57991
      2.42794
      2.28775
      2.15984
      2.04427
      1.94083
      1.84914
      1.76871
      1.69880
      1.63738
      1.58236
      1.53206
      1.48509
      1.44034
      1.39688
      1.35399
      1.31108
      1.26770
      1.22375
      1.17998
      1.13721
      1.09607
      1.05705
      1.02051
     0.986740
     0.955900
     0.927872
     0.902320
     0.878944
     0.857486
     0.837719
     0.819444
     0.802487
     0.786694
     0.771927
     0.758039
     0.744885
     0.732335
     0.720275
     0.708604
     0.697231
     0.686080
     0.675078
     0.664166
     0.653291
     0.642405
     0.631502
     0.620654
     0.609939
     0.599423
     0.589164
     0.579214
     0.569616
     0.560406
     0.551616
      0.00000
      0.00000
  3.25039e-37
  1.93136e-20
  1.60730e-07
      5.82012
      13824.2
      554986.
      391241.
      48553.9
      9484.38
      2611.89
      928.040
      430.651
      241.784
      144.537
      90.9186
      61.2879
      43.9290
      33.0615
      25.9873
      21.3387
      18.1356
      15.6831
      13.6120
      11.8068
      10.2952
      9.07327
      8.11629
      7.38454
      6.77865
      6.20730
      5.61809
      5.02553
      4.49951
      4.08001
      3.78400
      3.60197
      3.48882
      3.40717
      3.32862
      3.23108
      3.10093
      2.94674
      2.78272
      2.61976
      2.46552
      2.32322
      2.19341
      2.07616
      1.97126
      1.87832
      1.79687
      1.72613
      1.66405
      1.60849
      1.55771
      1.51030
      1.46512
      1.42122
      1.37786
      1.33443
      1.29048
      1.24590
      1.20147
      1.15802
      1.11623
      1.07658
      1.03947
      1.00518
     0.973877
     0.945451
     0.919554
     0.895881
     0.874165
     0.854175
     0.835708
     0.818585
     0.802648
     0.787757
     0.773760
     0.760509
     0.747870
     0.735726
     0.723973
     0.712518
     0.701282
     0.690191
     0.679182
     0.668202
     0.657203
     0.646176
     0.635198
     0.624348
     0.613696
     0.603303
     0.593221
     0.583496
     0.574167
     0.565265
      0.00000
      0.00000
  3.50125e-37
  2.08300e-20
  1.73516e-07
      6.28288
      14825.7
      589858.
      411103.
      50521.1
      9801.18
      2685.01
      950.108
      439.711
      246.453
      147.096
      92.3942
      62.2131
      44.5547
      33.5099
      26.3265
      21.6118
      18.3669
      15.8834
      13.7851
      11.9554
      10.4231
      9.18505
      8.21625
      7.47642
      6.86418
      6.28627
      5.68922
      5.08801
      4.55432
      4.12911
      3.82979
      3.64670
      3.53382
      3.45298
      3.37515
      3.27766
      3.14656
      2.99062
      2.82443
      2.65914
      2.50265
      2.35828
      2.22659
      2.10767
      2.00133
      1.90716
      1.82470
      1.75315
      1.69043
      1.63433
      1.58308
      1.53525
      1.48965
      1.44532
      1.40150
      1.35756
      1.31304
      1.26784
      1.22276
      1.17865
      1.13621
      1.09594
      1.05826
      1.02345
     0.991698
     0.962880
     0.936645
     0.912679
     0.890711
     0.870503
     0.851849
     0.834564
     0.818488
     0.803477
     0.789376
     0.776031
     0.763307
     0.751083
     0.739252
     0.727720
     0.716402
     0.705225
     0.694124
     0.683043
     0.671934
     0.660787
     0.649681
     0.638700
     0.627915
     0.617391
     0.607180
     0.597331
     0.587884
     0.578874
      0.00000
      0.00000
  3.76418e-37
  2.24214e-20
  1.86948e-07
      6.76896
      15871.0
      625929.
      431417.
      52513.7
      10119.9
      2758.20
      972.106
      448.719
      251.088
      149.633
      93.8546
      63.1277
      45.1727
      33.9525
      26.6612
      21.8812
      18.5950
      16.0809
      13.9559
      12.1019
      10.5493
      9.29525
      8.31479
      7.56702
      6.94852
      6.36416
      5.75936
      5.14962
      4.60835
      4.17750
      3.87491
      3.69081
      3.57822
      3.49820
      3.42109
      3.32368
      3.19166
      3.03400
      2.86565
      2.69807
      2.53935
      2.39293
      2.25939
      2.13883
      2.03105
      1.93568
      1.85222
      1.77988
      1.71652
      1.65990
      1.60820
      1.55995
      1.51393
      1.46919
      1.42491
      1.38047
      1.33540
      1.28958
      1.24385
      1.19909
      1.15601
      1.11514
      1.07689
      1.04157
      1.00937
     0.980165
     0.953597
     0.929344
     0.907128
     0.886707
     0.867869
     0.850427
     0.834217
     0.819089
     0.804888
     0.791455
     0.778650
     0.766350
     0.754445
     0.742838
     0.731442
     0.720183
     0.708994
     0.697815
     0.686599
     0.675335
     0.664106
     0.652996
     0.642082
     0.631428
     0.621092
     0.611122
     0.601561
     0.592444
      0.00000
      0.00000
  4.03945e-37
  2.40895e-20
  2.01040e-07
      7.27890
      16960.6
      663209.
      452183.
      54531.5
      10440.6
      2831.45
      994.038
      457.677
      255.690
      152.147
      95.3001
      64.0321
      45.7833
      34.3896
      26.9915
      22.1470
      18.8201
      16.2758
      14.1244
      12.2464
      10.6737
      9.40393
      8.41198
      7.65637
      7.03173
      6.44100
      5.82856
      5.21038
      4.66162
      4.22521
      3.91941
      3.73431
      3.62203
      3.54284
      3.46646
      3.36916
      3.23624
      3.07688
      2.90640
      2.73655
      2.57565
      2.42720
      2.29182
      2.16964
      2.06046
      1.96389
      1.87945
      1.80633
      1.74235
      1.68521
      1.63306
      1.58440
      1.53799
      1.49283
      1.44810
      1.40318
      1.35756
      1.31114
      1.26477
      1.21936
      1.17564
      1.13417
      1.09537
      1.05954
      1.02690
     0.997311
     0.970415
     0.945879
     0.923420
     0.902791
     0.883775
     0.866180
     0.849838
     0.834599
     0.820301
     0.806783
     0.793901
     0.781529
     0.769553
     0.757875
     0.746406
     0.735068
     0.723793
     0.712521
     0.701201
     0.689823
     0.678473
     0.667238
     0.656197
     0.645418
     0.634958
     0.624870
     0.615197
     0.605977
      0.00000
      0.00000
  4.32729e-37
  2.58358e-20
  2.15806e-07
      7.81324
      18095.4
      701706.
      473398.
      56574.1
      10763.1
      2904.77
      1015.90
      466.585
      260.259
      154.640
      96.7315
      64.9266
      46.3868
      34.8212
      27.3176
      22.4094
      19.0423
      16.4681
      14.2907
      12.3890
      10.7964
      9.51116
      8.50786
      7.74454
      7.11384
      6.51683
      5.89685
      5.27034
      4.71417
      4.27227
      3.96330
      3.77723
      3.66527
      3.58693
      3.51130
      3.41411
      3.28031
      3.11929
      2.94671
      2.77462
      2.61154
      2.46109
      2.32390
      2.20011
      2.08954
      1.99180
      1.90639
      1.83250
      1.76791
      1.71026
      1.65768
      1.60862
      1.56181
      1.51625
      1.47109
      1.42568
      1.37953
      1.33250
      1.28550
      1.23946
      1.19511
      1.15304
      1.11369
      1.07736
      1.04428
      1.01432
     0.987103
     0.962289
     0.939592
     0.918759
     0.899568
     0.881824
     0.865355
     0.850008
     0.835618
     0.822018
     0.809063
     0.796622
     0.784580
     0.772834
     0.761295
     0.749882
     0.738524
     0.727162
     0.715741
     0.704253
     0.692785
     0.681428
     0.670263
     0.659360
     0.648780
     0.638577
     0.628795
     0.619473
      0.00000
      0.00000
  4.62797e-37
  2.76619e-20
  2.31261e-07
      8.37249
      19276.0
      741429.
      495062.
      58641.3
      11087.4
      2978.16
      1037.71
      475.446
      264.796
      157.112
      98.1490
      65.8117
      46.9834
      35.2477
      27.6396
      22.6684
      19.2616
      16.6580
      14.4549
      12.5298
      10.9176
      9.61698
      8.60249
      7.83156
      7.19490
      6.59170
      5.96426
      5.32951
      4.76603
      4.31870
      4.00661
      3.81959
      3.70796
      3.63049
      3.55561
      3.45856
      3.32391
      3.16124
      2.98659
      2.81228
      2.64706
      2.49462
      2.35564
      2.23027
      2.11832
      2.01941
      1.93305
      1.85841
      1.79321
      1.73507
      1.68206
      1.63261
      1.58542
      1.53946
      1.49387
      1.44799
      1.40130
      1.35369
      1.30607
      1.25939
      1.21442
      1.17177
      1.13186
      1.09505
      1.06154
      1.03120
      1.00367
     0.978579
     0.955648
     0.934614
     0.915252
     0.897363
     0.880772
     0.865321
     0.850841
     0.837164
     0.824139
     0.811633
     0.799527
     0.787718
     0.776111
     0.764626
     0.753190
     0.741740
     0.730222
     0.718626
     0.707043
     0.695566
     0.684280
     0.673257
     0.662559
     0.652243
     0.642354
     0.632934
      0.00000
      0.00000
  4.94172e-37
  2.95697e-20
  2.47420e-07
      8.95719
      20503.1
      782385.
      517171.
      60732.7
      11413.5
      3051.60
      1059.45
      484.261
      269.303
      159.564
      99.5533
      66.6875
      47.5734
      35.6692
      27.9577
      22.9242
      19.4782
      16.8456
      14.6170
      12.6688
      11.0372
      9.72144
      8.69590
      7.91748
      7.27494
      6.66564
      6.03083
      5.38793
      4.81722
      4.36452
      4.04936
      3.86141
      3.75014
      3.67353
      3.59943
      3.50251
      3.36703
      3.20275
      3.02604
      2.84955
      2.68220
      2.52780
      2.38705
      2.26011
      2.14681
      2.04675
      1.95944
      1.88406
      1.81827
      1.75965
      1.70622
      1.65638
      1.60882
      1.56247
      1.51646
      1.47011
      1.42290
      1.37471
      1.32646
      1.27916
      1.23358
      1.19034
      1.14990
      1.11259
      1.07866
      1.04796
      1.02011
     0.994751
     0.971590
     0.950360
     0.930831
     0.912801
     0.896090
     0.880539
     0.865974
     0.852222
     0.839131
     0.826563
     0.814398
     0.802528
     0.790858
     0.779303
     0.767792
     0.756257
     0.744644
     0.732944
     0.721248
     0.709655
     0.698250
     0.687109
     0.676296
     0.665869
     0.655876
     0.646360
      0.00000
      0.00000
  5.26879e-37
  3.15605e-20
  2.64297e-07
      9.56786
      21777.3
      824585.
      539726.
      62848.0
      11741.4
      3125.11
      1081.13
      493.031
      273.781
      161.997
      100.945
      67.5545
      48.1569
      36.0859
      28.2720
      23.1769
      19.6922
      17.0308
      14.7772
      12.8061
      11.1553
      9.82460
      8.78815
      8.00233
      7.35400
      6.73868
      6.09659
      5.44563
      4.86776
      4.40976
      4.09156
      3.90272
      3.79180
      3.71607
      3.64275
      3.54600
      3.40971
      3.24382
      3.06510
      2.88644
      2.71699
      2.56065
      2.41815
      2.28966
      2.17501
      2.07381
      1.98558
      1.90946
      1.84309
      1.78399
      1.73015
      1.67994
      1.63201
      1.58528
      1.53886
      1.49205
      1.44432
      1.39555
      1.34670
      1.29878
      1.25259
      1.20877
      1.16779
      1.13001
      1.09565
      1.06459
      1.03643
      1.01081
     0.987422
     0.966000
     0.946309
     0.928141
     0.911314
     0.895665
     0.881018
     0.867196
     0.854042
     0.841415
     0.829193
     0.817266
     0.805535
     0.793915
     0.782331
     0.770715
     0.759010
     0.747208
     0.735403
     0.723696
     0.712175
     0.700918
     0.689992
     0.679457
     0.669363
     0.659753
      0.00000
      0.00000
  5.60942e-37
  3.36361e-20
  2.81907e-07
      10.2050
      23099.5
      868034.
      562724.
      64986.9
      12071.1
      3198.67
      1102.75
      501.757
      278.230
      164.411
      102.324
      68.4128
      48.7343
      36.4979
      28.5827
      23.4266
      19.9036
      17.2139
      14.9354
      12.9417
      11.2720
      9.92650
      8.87926
      8.08615
      7.43211
      6.81085
      6.16157
      5.50263
      4.91768
      4.45444
      4.13324
      3.94352
      3.83298
      3.75813
      3.68561
      3.58903
      3.45195
      3.28449
      3.10376
      2.92296
      2.75143
      2.59317
      2.44893
      2.31891
      2.20293
      2.10062
      2.01146
      1.93462
      1.86768
      1.80811
      1.75388
      1.70330
      1.65501
      1.60790
      1.56107
      1.51381
      1.46558
      1.41624
      1.36678
      1.31824
      1.27146
      1.22707
      1.18556
      1.14730
      1.11252
      1.08111
      1.05264
      1.02676
      1.00315
     0.981538
     0.961687
     0.943385
     0.926446
     0.910703
     0.895977
     0.882088
     0.868873
     0.856192
     0.843916
     0.831934
     0.820146
     0.808464
     0.796809
     0.785114
     0.773321
     0.761420
     0.749508
     0.737689
     0.726055
     0.714685
     0.703649
     0.693008
     0.682814
     0.673113
      0.00000
      0.00000
  5.96386e-37
  3.57981e-20
  3.00265e-07
      10.8692
      24470.2
      912743.
      586164.
      67149.3
      12402.4
      3272.30
      1124.32
      510.441
      282.651
      166.807
      103.690
      69.2629
      49.3057
      36.9054
      28.8899
      23.6735
      20.1126
      17.3949
      15.0918
      13.0758
      11.3873
      10.0272
      8.96929
      8.16899
      7.50931
      6.88218
      6.22578
      5.55895
      4.96700
      4.49857
      4.17441
      3.98384
      3.87368
      3.79973
      3.72801
      3.63163
      3.49376
      3.32475
      3.14205
      2.95912
      2.78553
      2.62537
      2.47942
      2.34788
      2.23059
      2.12717
      2.03711
      1.95955
      1.89205
      1.83202
      1.77739
      1.72645
      1.67781
      1.63034
      1.58311
      1.53541
      1.48666
      1.43676
      1.38671
      1.33756
      1.29018
      1.24523
      1.20319
      1.16446
      1.12928
      1.09751
      1.06874
      1.04260
      1.01877
     0.996975
     0.976969
     0.958536
     0.941488
     0.925655
     0.910853
     0.896899
     0.883628
     0.870894
     0.858568
     0.846535
     0.834692
     0.822950
     0.811228
     0.799458
     0.787578
     0.775580
     0.763564
     0.751637
     0.739891
     0.728411
     0.717267
     0.706522
     0.696231
     0.686440
      0.00000
      0.00000
  6.33234e-37
  3.80480e-20
  3.19384e-07
      11.5609
      25890.1
      958718.
      610045.
      69334.7
      12735.4
      3345.98
      1145.83
      519.083
      287.045
      169.185
      105.045
      70.1049
      49.8713
      37.3085
      29.1936
      23.9175
      20.3193
      17.5738
      15.2464
      13.2083
      11.5013
      10.1267
      9.05827
      8.25086
      7.58563
      6.95270
      6.28926
      5.61462
      5.01574
      4.54218
      4.21510
      4.02369
      3.91393
      3.84088
      3.76997
      3.67379
      3.53517
      3.36463
      3.17997
      2.99494
      2.81931
      2.65727
      2.50962
      2.37658
      2.25799
      2.15347
      2.06251
      1.98426
      1.91620
      1.85572
      1.80070
      1.74941
      1.70043
      1.65259
      1.60498
      1.55683
      1.50759
      1.45713
      1.40649
      1.35674
      1.30877
      1.26326
      1.22070
      1.18150
      1.14591
      1.11379
      1.08473
      1.05834
      1.03429
      1.01232
     0.992157
     0.973596
     0.956442
     0.940522
     0.925648
     0.911633
     0.898308
     0.885525
     0.873151
     0.861070
     0.849175
     0.837376
     0.825590
     0.813747
     0.801784
     0.789692
     0.777574
     0.765540
     0.753685
     0.742096
     0.730847
     0.720001
     0.709615
     0.699737
      0.00000
      0.00000
  6.71511e-37
  4.03874e-20
  3.39280e-07
      12.2807
      27359.9
  1.00597e+06
      634365.
      71543.1
      13070.1
      3419.71
      1167.29
      527.685
      291.413
      171.545
      106.389
      70.9390
      50.4312
      37.7074
      29.4941
      24.1589
      20.5236
      17.7507
      15.3994
      13.3393
      11.6140
      10.2250
      9.14622
      8.33180
      7.66109
      7.02244
      6.35204
      5.66966
      5.06391
      4.58527
      4.25531
      4.06308
      3.95374
      3.88160
      3.81151
      3.71554
      3.57618
      3.40413
      3.21753
      3.03042
      2.85278
      2.68888
      2.53955
      2.40501
      2.28513
      2.17953
      2.08769
      2.00874
      1.94014
      1.87922
      1.82382
      1.77219
      1.72286
      1.67468
      1.62667
      1.57809
      1.52836
      1.47736
      1.42613
      1.37579
      1.32723
      1.28116
      1.23809
      1.19843
      1.16243
      1.12997
      1.10061
      1.07397
      1.04972
      1.02756
      1.00725
     0.988569
     0.971312
     0.955308
     0.940365
     0.926291
     0.912915
     0.900086
     0.887668
     0.875540
     0.863597
     0.851743
     0.839896
     0.827982
     0.815938
     0.803754
     0.791537
     0.779399
     0.767438
     0.755743
     0.744390
     0.733445
     0.722966
     0.713003
      0.00000
      0.00000
  7.11240e-37
  4.28180e-20
  3.59966e-07
      13.0291
      28880.3
  1.05450e+06
      659123.
      73774.0
      13406.4
      3493.50
      1188.69
      536.249
      295.754
      173.889
      107.722
      71.7656
      50.9857
      38.1023
      29.7913
      24.3976
      20.7257
      17.9257
      15.5506
      13.4689
      11.7254
      10.3223
      9.23320
      8.41184
      7.73572
      7.09141
      6.41412
      5.72408
      5.11154
      4.62788
      4.29507
      4.10204
      3.99311
      3.92190
      3.85263
      3.75689
      3.61681
      3.44326
      3.25475
      3.06558
      2.88594
      2.72019
      2.56920
      2.43319
      2.31204
      2.20536
      2.11265
      2.03302
      1.96388
      1.90252
      1.84676
      1.79478
      1.74512
      1.69659
      1.64820
      1.59920
      1.54899
      1.49744
      1.44562
      1.39469
      1.34556
      1.29894
      1.25536
      1.21524
      1.17885
      1.14604
      1.11639
      1.08951
      1.06505
      1.04272
      1.02226
      1.00346
     0.986100
     0.970014
     0.955004
     0.940875
     0.927451
     0.914578
     0.902118
     0.889948
     0.877958
     0.866053
     0.854147
     0.842165
     0.830042
     0.817770
     0.805456
     0.793215
     0.781151
     0.769352
     0.757897
     0.746854
     0.736285
     0.726239
      0.00000
      0.00000
  7.52445e-37
  4.53413e-20
  3.81457e-07
      13.8065
      30451.8
  1.10432e+06
      684318.
      76027.3
      13744.2
      3567.34
      1210.04
      544.773
      300.071
      176.217
      109.044
      72.5848
      51.5349
      38.4931
      30.0854
      24.6338
      20.9256
      18.0988
      15.7002
      13.5971
      11.8356
      10.4185
      9.31921
      8.49101
      7.80955
      7.15965
      6.47554
      5.77792
      5.15863
      4.67001
      4.33438
      4.14058
      4.03207
      3.96178
      3.89335
      3.79785
      3.65706
      3.48204
      3.29164
      3.10043
      2.91881
      2.75123
      2.59858
      2.46112
      2.33871
      2.23097
      2.13739
      2.05708
      1.98742
      1.92564
      1.86950
      1.81719
      1.76721
      1.71834
      1.66958
      1.62015
      1.56946
      1.51737
      1.46499
      1.41347
      1.36377
      1.31660
      1.27252
      1.23194
      1.19515
      1.16201
      1.13208
      1.10495
      1.08028
      1.05778
      1.03718
      1.01826
      1.00081
     0.984643
     0.969569
     0.955387
     0.941918
     0.929004
     0.916505
     0.904294
     0.892261
     0.880307
     0.868344
     0.856297
     0.844098
     0.831739
     0.819330
     0.806990
     0.794824
     0.782923
     0.771368
     0.760231
     0.749573
     0.739446
      0.00000
      0.00000
  7.95151e-37
  4.79589e-20
  4.03767e-07
      14.6136
      32075.2
  1.15544e+06
      709948.
      78302.8
      14083.7
      3641.24
      1231.34
      553.261
      304.364
      178.529
      110.355
      73.3969
      52.0790
      38.8801
      30.3766
      24.8675
      21.1235
      18.2702
      15.8483
      13.7239
      11.9447
      10.5137
      9.40430
      8.56933
      7.88260
      7.22718
      6.53632
      5.83117
      5.20522
      4.71167
      4.37326
      4.17870
      4.07063
      4.00127
      3.93369
      3.83844
      3.69695
      3.52048
      3.32820
      3.13497
      2.95139
      2.78200
      2.62771
      2.48881
      2.36515
      2.25636
      2.16193
      2.08095
      2.01076
      1.94856
      1.89207
      1.83944
      1.78913
      1.73992
      1.69080
      1.64096
      1.58979
      1.53717
      1.48422
      1.43212
      1.38185
      1.33414
      1.28956
      1.24853
      1.21136
      1.17788
      1.14766
      1.12030
      1.09543
      1.07276
      1.05202
      1.03298
      1.01544
     0.999196
     0.984061
     0.969829
     0.956318
     0.943366
     0.930829
     0.918581
     0.906507
     0.894506
     0.882489
     0.870379
     0.858107
     0.845663
     0.833162
     0.820724
     0.808458
     0.796457
     0.784806
     0.773576
     0.762830
     0.752625
      0.00000
      0.00000
  8.39379e-37
  5.06723e-20
  4.26911e-07
      15.4508
      33751.1
  1.20786e+06
      736012.
      80600.2
      14424.7
      3715.18
      1252.59
      561.712
      308.633
      180.825
      111.656
      74.2021
      52.6181
      39.2634
      30.6648
      25.0989
      21.3193
      18.4397
      15.9949
      13.8494
      12.0526
      10.6078
      9.48850
      8.64684
      7.95490
      7.29401
      6.59647
      5.88387
      5.25131
      4.75289
      4.41173
      4.21642
      4.10880
      4.04038
      3.97364
      3.87865
      3.73649
      3.55858
      3.36444
      3.16921
      2.98368
      2.81250
      2.65660
      2.51626
      2.39136
      2.28153
      2.18626
      2.10462
      2.03392
      1.97131
      1.91447
      1.86151
      1.81090
      1.76136
      1.71187
      1.66162
      1.60999
      1.55684
      1.50332
      1.45065
      1.39982
      1.35157
      1.30649
      1.26502
      1.22746
      1.19366
      1.16316
      1.13555
      1.11049
      1.08765
      1.06678
      1.04763
      1.02999
      1.01367
     0.998482
     0.984203
     0.970651
     0.957664
     0.945093
     0.932810
     0.920697
     0.908652
     0.896584
     0.884413
     0.872070
     0.859544
     0.846952
     0.834419
     0.822055
     0.809956
     0.798209
     0.786888
     0.776058
     0.765776
      0.00000
      0.00000
  8.85155e-37
  5.34832e-20
  4.50902e-07
      16.3186
      35480.1
  1.26159e+06
      762509.
      82919.4
      14767.2
      3789.18
      1273.80
      570.128
      312.879
      183.106
      112.948
      75.0005
      53.1523
      39.6430
      30.9502
      25.3279
      21.5132
      18.6076
      16.1399
      13.9737
      12.1593
      10.7010
      9.57182
      8.72355
      8.02646
      7.36017
      6.65601
      5.93603
      5.29693
      4.79368
      4.44980
      4.25376
      4.14659
      4.07911
      4.01323
      3.91851
      3.77568
      3.59635
      3.40038
      3.20317
      3.01571
      2.84275
      2.68524
      2.54348
      2.41736
      2.30650
      2.21039
      2.12811
      2.05690
      1.99388
      1.93669
      1.88342
      1.83250
      1.78264
      1.73279
      1.68214
      1.63004
      1.57637
      1.52230
      1.46906
      1.41767
      1.36888
      1.32332
      1.28140
      1.24346
      1.20933
      1.17856
      1.15072
      1.12546
      1.10246
      1.08145
      1.06219
      1.04447
      1.02808
      1.01283
     0.998509
     0.984920
     0.971900
     0.959298
     0.946981
     0.934832
     0.922745
     0.910628
     0.898399
     0.885987
     0.873381
     0.860701
     0.848075
     0.835615
     0.823421
     0.811580
     0.800170
     0.789257
     0.778899
      0.00000
      0.00000
  9.32501e-37
  5.63930e-20
  4.75755e-07
      17.2176
      37262.8
  1.31665e+06
      789438.
      85260.0
      15111.2
      3863.23
      1294.95
      578.508
      317.102
      185.373
      114.230
      75.7923
      53.6818
      40.0191
      31.2328
      25.5547
      21.7052
      18.7738
      16.2836
      14.0967
      12.2650
      10.7932
      9.65429
      8.79949
      8.09731
      7.42568
      6.71496
      5.98767
      5.34207
      4.83404
      4.48747
      4.29071
      4.18401
      4.11748
      4.05247
      3.95803
      3.81455
      3.63381
      3.43602
      3.23684
      3.04747
      2.87274
      2.71364
      2.57048
      2.44315
      2.33127
      2.23433
      2.15141
      2.07970
      2.01628
      1.95875
      1.90517
      1.85395
      1.80377
      1.75357
      1.70252
      1.64997
      1.59578
      1.54115
      1.48735
      1.43540
      1.38609
      1.34004
      1.29769
      1.25936
      1.22491
      1.19387
      1.16580
      1.14035
      1.11719
      1.09605
      1.07668
      1.05887
      1.04242
      1.02712
      1.01275
     0.999127
     0.986075
     0.973444
     0.961097
     0.948914
     0.936788
     0.924624
     0.912339
     0.899859
     0.887176
     0.874410
     0.861692
     0.849138
     0.836851
     0.824919
     0.813421
     0.802427
     0.791996
      0.00000
      0.00000
  9.81441e-37
  5.94034e-20
  5.01484e-07
      18.1482
      39099.9
  1.37302e+06
      816797.
      87622.0
      15456.8
      3937.32
      1316.06
      586.855
      321.303
      187.625
      115.502
      76.5777
      54.2068
      40.3918
      31.5128
      25.7793
      21.8953
      18.9385
      16.4258
      14.2185
      12.3697
      10.8846
      9.73595
      8.87468
      8.16747
      7.49055
      6.77333
      6.03879
      5.38676
      4.87399
      4.52476
      4.32731
      4.22107
      4.15549
      4.09135
      3.99720
      3.85308
      3.67096
      3.47137
      3.27024
      3.07898
      2.90250
      2.74182
      2.59726
      2.46873
      2.35584
      2.25809
      2.17453
      2.10233
      2.03851
      1.98065
      1.92677
      1.87525
      1.82476
      1.77422
      1.72277
      1.66977
      1.61507
      1.55989
      1.50553
      1.45303
      1.40320
      1.35666
      1.31388
      1.27518
      1.24041
      1.20909
      1.18080
      1.15516
      1.13184
      1.11057
      1.09110
      1.07320
      1.05669
      1.04134
      1.02693
      1.01327
      1.00019
     0.987534
     0.975159
     0.962944
     0.950781
     0.938572
     0.926233
     0.913689
     0.900929
     0.888080
     0.875273
     0.862627
     0.850247
     0.838226
     0.826643
     0.815569
     0.805067
      0.00000
      0.00000
  1.03200e-36
  6.25159e-20
  5.28102e-07
      19.1110
      40992.1
  1.43074e+06
      844587.
      90005.0
      15803.7
      4011.46
      1337.12
      595.169
      325.483
      189.863
      116.765
      77.3568
      54.7272
      40.7612
      31.7901
      26.0018
      22.0836
      19.1015
      16.5667
      14.3391
      12.4734
      10.9750
      9.81680
      8.94914
      8.23695
      7.55480
      6.83115
      6.08942
      5.43100
      4.91354
      4.56167
      4.36354
      4.25779
      4.19317
      4.12990
      4.03605
      3.89131
      3.70782
      3.50643
      3.30338
      3.11023
      2.93202
      2.76977
      2.62383
      2.49411
      2.38023
      2.28166
      2.19747
      2.12479
      2.06058
      2.00240
      1.94822
      1.89641
      1.84561
      1.79472
      1.74289
      1.68944
      1.63423
      1.57851
      1.52360
      1.47055
      1.42020
      1.37318
      1.32997
      1.29089
      1.25581
      1.22423
      1.19571
      1.16988
      1.14642
      1.12502
      1.10545
      1.08747
      1.07089
      1.05549
      1.04104
      1.02736
      1.01425
      1.00157
     0.989167
     0.976924
     0.964725
     0.952474
     0.940083
     0.927476
     0.914643
     0.901711
     0.888817
     0.876081
     0.863611
     0.851502
     0.839835
     0.828684
     0.818112
      0.00000
      0.00000
  1.08419e-36
  6.57320e-20
  5.55625e-07
      20.1065
      42939.9
  1.48979e+06
      872804.
      92409.0
      16152.1
      4085.65
      1358.14
      603.450
      329.641
      192.088
      118.020
      78.1299
      55.2433
      41.1273
      32.0650
      26.2222
      22.2701
      19.2631
      16.7063
      14.4586
      12.5760
      11.0645
      9.89688
      9.02289
      8.30579
      7.61845
      6.88842
      6.13956
      5.47482
      4.95270
      4.59823
      4.39943
      4.29416
      4.23050
      4.16812
      4.07457
      3.92922
      3.74438
      3.54122
      3.33625
      3.14124
      2.96130
      2.79751
      2.65020
      2.51929
      2.40442
      2.30506
      2.22025
      2.14709
      2.08250
      2.02399
      1.96952
      1.91742
      1.86632
      1.81510
      1.76288
      1.70899
      1.65328
      1.59702
      1.54155
      1.48797
      1.43710
      1.38961
      1.34597
      1.30653
      1.27113
      1.23928
      1.21055
      1.18453
      1.16091
      1.13939
      1.11972
      1.10166
      1.08502
      1.06958
      1.05510
      1.04138
      1.02825
      1.01555
      1.00312
     0.990853
     0.978622
     0.966330
     0.953889
     0.941222
     0.928317
     0.915305
     0.902325
     0.889501
     0.876943
     0.864748
     0.852999
     0.841772
     0.831132
      0.00000
      0.00000
  1.13805e-36
  6.90532e-20
  5.84066e-07
      21.1351
      44943.9
  1.55018e+06
      901449.
      94833.7
      16502.0
      4159.89
      1379.12
      611.699
      333.779
      194.300
      119.266
      78.8971
      55.7552
      41.4902
      32.3373
      26.4406
      22.4550
      19.4231
      16.8446
      14.5770
      12.6777
      11.1532
      9.97620
      9.09594
      8.37398
      7.68152
      6.94517
      6.18923
      5.51822
      4.99149
      4.63444
      4.43499
      4.33020
      4.26752
      4.20602
      4.11279
      3.96684
      3.78065
      3.57574
      3.36887
      3.17201
      2.99037
      2.82503
      2.67637
      2.54429
      2.42844
      2.32828
      2.24286
      2.16922
      2.10426
      2.04543
      1.99068
      1.93829
      1.88689
      1.83534
      1.78275
      1.72842
      1.67221
      1.61542
      1.55941
      1.50528
      1.45391
      1.40594
      1.36188
      1.32207
      1.28636
      1.25426
      1.22530
      1.19911
      1.17534
      1.15370
      1.13393
      1.11579
      1.09910
      1.08361
      1.06909
      1.05535
      1.04220
      1.02947
      1.01703
      1.00473
     0.992472
     0.980141
     0.967653
     0.954927
     0.941952
     0.928862
     0.915798
     0.902888
     0.890244
     0.877964
     0.866135
     0.854834
     0.844127
      0.00000
      0.00000
  1.19360e-36
  7.24812e-20
  6.13439e-07
      22.1974
      47004.8
  1.61193e+06
      930519.
      97278.9
      16853.2
      4234.17
      1400.05
      619.917
      337.897
      196.498
      120.503
      79.6585
      56.2630
      41.8500
      32.6073
      26.6570
      22.6381
      19.5817
      16.9816
      14.6943
      12.7785
      11.2411
      10.0548
      9.16833
      8.44156
      7.74402
      7.00140
      6.23845
      5.56122
      5.02991
      4.67031
      4.47021
      4.36593
      4.30421
      4.24361
      4.15070
      4.00416
      3.81665
      3.61000
      3.40124
      3.20255
      3.01921
      2.85235
      2.70234
      2.56910
      2.45227
      2.35133
      2.26531
      2.19120
      2.12587
      2.06673
      2.01169
      1.95903
      1.90734
      1.85546
      1.80249
      1.74773
      1.69103
      1.63370
      1.57715
      1.52250
      1.47061
      1.42218
      1.37770
      1.33753
      1.30151
      1.26915
      1.23998
      1.21361
      1.18969
      1.16793
      1.14807
      1.12986
      1.11310
      1.09757
      1.08303
      1.06926
      1.05609
      1.04335
      1.03088
      1.01857
      1.00628
     0.993909
     0.981375
     0.968592
     0.955549
     0.942382
     0.929237
     0.916243
     0.903513
     0.891151
     0.879244
     0.867870
     0.857098
      0.00000
      0.00000
  1.25085e-36
  7.60175e-20
  6.43758e-07
      23.2939
      49123.1
  1.67504e+06
      960016.
      99744.5
      17205.8
      4308.49
      1420.94
      628.105
      341.995
      198.684
      121.732
      80.4143
      56.7667
      42.2069
      32.8749
      26.8716
      22.8197
      19.7389
      17.1174
      14.8105
      12.8783
      11.3282
      10.1326
      9.24006
      8.50853
      7.80597
      7.05713
      6.28722
      5.60381
      5.06798
      4.70584
      4.50512
      4.40134
      4.34060
      4.28089
      4.18831
      4.04120
      3.85238
      3.64400
      3.43338
      3.23286
      3.04785
      2.87947
      2.72812
      2.59373
      2.47594
      2.37422
      2.28759
      2.21303
      2.14733
      2.08789
      2.03257
      1.97964
      1.92766
      1.87546
      1.82212
      1.76693
      1.70974
      1.65189
      1.59480
      1.53961
      1.48723
      1.43833
      1.39343
      1.35290
      1.31658
      1.28396
      1.25458
      1.22803
      1.20397
      1.18210
      1.16214
      1.14386
      1.12705
      1.11148
      1.09691
      1.08312
      1.06993
      1.05717
      1.04469
      1.03235
      1.02003
      1.00763
     0.995056
     0.982218
     0.969109
     0.955868
     0.942642
     0.929565
     0.916753
     0.904309
     0.892325
     0.880880
     0.870045
      0.00000
      0.00000
  1.30984e-36
  7.96635e-20
  6.75037e-07
      24.4251
      51299.6
  1.73952e+06
      989936.
      102230.
      17559.8
      4382.86
      1441.79
      636.263
      346.074
      200.857
      122.953
      81.1646
      57.2665
      42.5608
      33.1402
      27.0842
      22.9997
      19.8948
      17.2521
      14.9258
      12.9773
      11.4145
      10.2098
      9.31115
      8.57491
      7.86737
      7.11237
      6.33556
      5.64602
      5.10569
      4.74106
      4.53972
      4.43644
      4.37668
      4.31788
      4.22564
      4.07796
      3.88784
      3.67776
      3.46527
      3.26296
      3.07627
      2.90638
      2.75371
      2.61818
      2.49943
      2.39694
      2.30973
      2.23471
      2.16865
      2.10890
      2.05332
      2.00012
      1.94785
      1.89534
      1.84163
      1.78601
      1.72834
      1.66997
      1.61235
      1.55664
      1.50375
      1.45439
      1.40908
      1.36819
      1.33157
      1.29870
      1.26911
      1.24239
      1.21819
      1.19620
      1.17615
      1.15780
      1.14094
      1.12533
      1.11073
      1.09693
      1.08372
      1.07095
      1.05845
      1.04609
      1.03375
      1.02132
      1.00870
     0.995806
     0.982633
     0.969319
     0.956015
     0.942856
     0.929963
     0.917440
     0.905380
     0.893866
     0.882970
      0.00000
      0.00000
  1.37058e-36
  8.34208e-20
  7.07290e-07
      25.5915
      53534.7
  1.80537e+06
  1.02028e+06
      104736.
      17915.1
      4457.27
      1462.59
      644.391
      350.134
      203.018
      124.166
      81.9095
      57.7625
      42.9118
      33.4033
      27.2951
      23.1781
      20.0493
      17.3856
      15.0400
      13.0754
      11.5000
      10.2863
      9.38162
      8.64072
      7.92825
      7.16714
      6.38347
      5.68786
      5.14307
      4.77595
      4.57401
      4.47125
      4.41247
      4.35457
      4.26268
      4.11445
      3.92304
      3.71126
      3.49694
      3.29283
      3.10449
      2.93311
      2.77912
      2.64246
      2.52277
      2.41951
      2.33171
      2.25625
      2.18983
      2.12978
      2.07393
      2.02047
      1.96792
      1.91509
      1.86103
      1.80499
      1.74684
      1.68795
      1.62980
      1.57356
      1.52018
      1.47036
      1.42464
      1.38340
      1.34649
      1.31337
      1.28357
      1.25667
      1.23233
      1.21023
      1.19009
      1.17168
      1.15477
      1.13912
      1.12450
      1.11068
      1.09746
      1.08467
      1.07216
      1.05979
      1.04742
      1.03496
      1.02230
      1.00936
     0.996120
     0.982735
     0.969355
     0.956117
     0.943143
     0.930543
     0.918409
     0.906828
     0.895871
      0.00000
      0.00000
  1.43309e-36
  8.72909e-20
  7.40531e-07
      26.7936
      55829.1
  1.87259e+06
  1.05104e+06
      107262.
      18271.8
      4531.72
      1483.36
      652.491
      354.175
      205.168
      125.371
      82.6491
      58.2547
      43.2601
      33.6643
      27.5041
      23.3550
      20.2025
      17.5179
      15.1532
      13.1726
      11.5848
      10.3621
      9.45148
      8.70596
      7.98861
      7.22144
      6.43097
      5.72933
      5.18011
      4.81054
      4.60801
      4.50577
      4.44798
      4.39099
      4.29945
      4.15068
      3.95799
      3.74454
      3.52839
      3.32249
      3.13251
      2.95965
      2.80435
      2.66657
      2.54594
      2.44193
      2.35355
      2.27764
      2.21087
      2.15053
      2.09442
      2.04070
      1.98788
      1.93474
      1.88031
      1.82386
      1.76523
      1.70583
      1.64715
      1.59040
      1.53653
      1.48625
      1.44013
      1.39854
      1.36133
      1.32796
      1.29795
      1.27089
      1.24641
      1.22420
      1.20398
      1.18550
      1.16854
      1.15286
      1.13821
      1.12438
      1.11115
      1.09835
      1.08583
      1.07344
      1.06105
      1.04856
      1.03586
      1.02287
      1.00957
     0.996118
     0.982663
     0.969347
     0.956296
     0.943619
     0.931413
     0.919765
     0.908750
      0.00000
      0.00000
  1.49741e-36
  9.12754e-20
  7.74773e-07
      28.0319
      58183.3
  1.94121e+06
  1.08223e+06
      109807.
      18629.8
      4606.22
      1504.09
      660.563
      358.199
      207.305
      126.568
      83.3837
      58.7433
      43.6056
      33.9231
      27.7115
      23.5305
      20.3545
      17.6492
      15.2655
      13.2690
      11.6689
      10.4373
      9.52076
      8.77066
      8.04847
      7.27529
      6.47807
      5.77044
      5.21683
      4.84483
      4.64171
      4.54000
      4.48320
      4.42713
      4.33595
      4.18664
      3.99270
      3.77757
      3.55961
      3.35195
      3.16033
      2.98601
      2.82941
      2.69051
      2.56895
      2.46420
      2.37524
      2.29889
      2.23178
      2.17115
      2.11478
      2.06081
      2.00771
      1.95427
      1.89949
      1.84263
      1.78353
      1.72361
      1.66441
      1.60715
      1.55279
      1.50206
      1.45553
      1.41359
      1.37609
      1.34248
      1.31227
      1.28504
      1.26043
      1.23811
      1.21780
      1.19926
      1.18225
      1.16654
      1.15188
      1.13802
      1.12479
      1.11198
      1.09945
      1.08704
      1.07464
      1.06212
      1.04939
      1.03635
      1.02299
      1.00947
     0.995940
     0.982548
     0.969420
     0.956668
     0.944392
     0.932679
     0.921607
      0.00000
      0.00000
  1.56355e-36
  9.53757e-20
  8.10031e-07
      29.3069
      60598.1
  2.01121e+06
  1.11384e+06
      112372.
      18989.1
      4680.76
      1524.78
      668.607
      362.205
      209.432
      127.759
      84.1132
      59.2283
      43.9485
      34.1798
      27.9171
      23.7045
      20.5052
      17.7794
      15.3769
      13.3646
      11.7523
      10.5118
      9.58945
      8.83483
      8.10784
      7.32869
      6.52477
      5.81120
      5.25324
      4.87882
      4.67514
      4.57396
      4.51815
      4.46299
      4.37218
      4.22236
      4.02716
      3.81038
      3.59062
      3.38121
      3.18797
      3.01218
      2.85430
      2.71430
      2.59181
      2.48631
      2.39679
      2.32001
      2.25255
      2.19165
      2.13502
      2.08079
      2.02743
      1.97369
      1.91856
      1.86129
      1.80172
      1.74130
      1.68159
      1.62381
      1.56896
      1.51779
      1.47086
      1.42857
      1.39078
      1.35693
      1.32652
      1.29913
      1.27438
      1.25195
      1.23156
      1.21296
      1.19591
      1.18017
      1.16549
      1.15162
      1.13838
      1.12557
      1.11303
      1.10061
      1.08819
      1.07564
      1.06287
      1.04979
      1.03638
      1.02279
      1.00919
     0.995720
     0.982516
     0.969691
     0.957346
     0.945570
     0.934442
      0.00000
      0.00000
  1.63153e-36
  9.95934e-20
  8.46318e-07
      30.6191
      63073.8
  2.08261e+06
  1.14586e+06
      114956.
      19349.6
      4755.33
      1545.43
      676.624
      366.193
      211.547
      128.942
      84.8378
      59.7098
      44.2888
      34.4346
      28.1211
      23.8771
      20.6547
      17.9085
      15.4874
      13.4594
      11.8349
      10.5858
      9.65758
      8.89848
      8.16673
      7.38167
      6.57109
      5.85162
      5.28934
      4.91253
      4.70829
      4.60764
      4.55283
      4.49860
      4.40816
      4.25782
      4.06139
      3.84297
      3.62142
      3.41027
      3.21542
      3.03818
      2.87903
      2.73793
      2.61452
      2.50829
      2.41820
      2.34099
      2.27320
      2.21202
      2.15514
      2.10067
      2.04704
      1.99300
      1.93753
      1.87985
      1.81982
      1.75890
      1.69867
      1.64039
      1.58505
      1.53343
      1.48611
      1.44348
      1.40540
      1.37131
      1.34070
      1.31315
      1.28827
      1.26574
      1.24527
      1.22661
      1.20952
      1.19375
      1.17905
      1.16517
      1.15192
      1.13910
      1.12656
      1.11413
      1.10170
      1.08913
      1.07632
      1.06320
      1.04973
      1.03607
      1.02240
      1.00886
     0.995586
     0.982689
     0.970276
     0.958438
     0.947256
      0.00000
      0.00000
  1.70138e-36
  1.03930e-19
  8.83649e-07
      31.9689
      65611.2
  2.15542e+06
  1.17831e+06
      117560.
      19711.5
      4829.95
      1566.05
      684.614
      370.164
      213.651
      130.118
      85.5576
      60.1879
      44.6265
      34.6873
      28.3235
      24.0484
      20.8030
      18.0366
      15.5970
      13.5535
      11.9169
      10.6591
      9.72515
      8.96162
      8.22516
      7.43422
      6.61703
      5.89171
      5.32514
      4.94596
      4.74117
      4.64107
      4.58725
      4.53394
      4.44388
      4.29304
      4.09539
      3.87534
      3.65202
      3.43913
      3.24269
      3.06401
      2.90359
      2.76140
      2.63709
      2.53012
      2.43948
      2.36185
      2.29373
      2.23227
      2.17514
      2.12043
      2.06654
      2.01221
      1.95639
      1.89832
      1.83782
      1.77641
      1.71566
      1.65688
      1.60107
      1.54900
      1.50128
      1.45832
      1.41996
      1.38563
      1.35482
      1.32711
      1.30210
      1.27947
      1.25892
      1.24020
      1.22307
      1.20728
      1.19256
      1.17867
      1.16542
      1.15260
      1.14005
      1.12762
      1.11516
      1.10257
      1.08974
      1.07657
      1.06305
      1.04933
      1.03559
      1.02198
      1.00863
     0.995662
     0.983182
     0.971284
     0.960048
      0.00000
      0.00000
  1.77312e-36
  1.08387e-19
  9.22035e-07
      33.3569
      68210.8
  2.22963e+06
  1.21117e+06
      120182.
      20074.6
      4904.61
      1586.63
      692.578
      374.119
      215.744
      131.287
      86.2728
      60.6627
      44.9618
      34.9381
      28.5243
      24.2183
      20.9501
      18.1637
      15.7057
      13.6468
      11.9983
      10.7318
      9.79219
      9.02426
      8.28313
      7.48635
      6.66261
      5.93147
      5.36064
      4.97912
      4.77379
      4.67423
      4.62142
      4.56904
      4.47936
      4.32803
      4.12916
      3.90750
      3.68242
      3.46781
      3.26978
      3.08967
      2.92799
      2.78472
      2.65951
      2.55182
      2.46062
      2.38257
      2.31413
      2.25240
      2.19503
      2.14008
      2.08594
      2.03131
      1.97516
      1.91669
      1.85574
      1.79382
      1.73257
      1.67329
      1.61700
      1.56450
      1.51638
      1.47308
      1.43444
      1.39987
      1.36888
      1.34100
      1.31587
      1.29314
      1.27251
      1.25373
      1.23657
      1.22075
      1.20602
      1.19213
      1.17887
      1.16605
      1.15350
      1.14106
      1.12859
      1.11598
      1.10312
      1.08991
      1.07633
      1.06255
      1.04875
      1.03507
      1.02165
      1.00861
     0.996065
     0.984108
     0.972821
      0.00000
      0.00000
  1.84677e-36
  1.12966e-19
  9.61493e-07
      34.7836
      70873.2
  2.30526e+06
  1.24445e+06
      122824.
      20438.9
      4979.30
      1607.17
      700.517
      378.057
      217.827
      132.449
      86.9833
      61.1342
      45.2946
      35.1871
      28.7236
      24.3869
      21.0962
      18.2898
      15.8135
      13.7394
      12.0790
      10.8040
      9.85870
      9.08641
      8.34065
      7.53809
      6.70783
      5.97091
      5.39586
      5.01201
      4.80616
      4.70714
      4.65533
      4.60389
      4.51460
      4.36278
      4.16272
      3.93945
      3.71262
      3.49630
      3.29670
      3.11517
      2.95224
      2.80789
      2.68178
      2.57338
      2.48164
      2.40318
      2.33440
      2.27241
      2.21481
      2.15962
      2.10522
      2.05031
      1.99383
      1.93496
      1.87356
      1.81115
      1.74940
      1.68962
      1.63285
      1.57992
      1.53141
      1.48778
      1.44885
      1.41406
      1.38287
      1.35484
      1.32958
      1.30675
      1.28605
      1.26722
      1.25002
      1.23418
      1.21943
      1.20554
      1.19228
      1.17946
      1.16690
      1.15446
      1.14199
      1.12936
      1.11647
      1.10321
      1.08959
      1.07575
      1.06188
      1.04813
      1.03464
      1.02153
      1.00893
     0.996910
     0.985573
      0.00000
      0.00000
  1.92235e-36
  1.17668e-19
  1.00203e-06
      36.2495
      73598.9
  2.38232e+06
  1.27814e+06
      125484.
      20804.4
      5054.04
      1627.68
      708.430
      381.979
      219.900
      133.604
      87.6894
      61.6024
      45.6250
      35.4341
      28.9214
      24.5542
      21.2411
      18.4150
      15.9206
      13.8312
      12.1590
      10.8755
      9.92470
      9.14809
      8.39773
      7.58943
      6.75270
      6.01005
      5.43080
      5.04464
      4.83827
      4.73981
      4.68900
      4.63849
      4.54960
      4.39731
      4.19605
      3.97120
      3.74262
      3.52462
      3.32344
      3.14051
      2.97633
      2.83092
      2.70393
      2.59481
      2.50253
      2.42366
      2.35457
      2.29231
      2.23447
      2.17905
      2.12441
      2.06921
      2.01240
      1.95314
      1.89129
      1.82840
      1.76614
      1.70587
      1.64863
      1.59526
      1.54637
      1.50241
      1.46320
      1.42818
      1.39680
      1.36861
      1.34323
      1.32031
      1.29954
      1.28065
      1.26341
      1.24755
      1.23280
      1.21890
      1.20564
      1.19282
      1.18027
      1.16782
      1.15534
      1.14270
      1.12978
      1.11649
      1.10281
      1.08891
      1.07498
      1.06116
      1.04760
      1.03443
      1.02176
      1.00969
     0.998305
      0.00000
      0.00000
  1.99988e-36
  1.22495e-19
  1.04367e-06
      37.7551
      76388.5
  2.46080e+06
  1.31225e+06
      128163.
      21171.2
      5128.81
      1648.15
      716.319
      385.885
      221.963
      134.754
      88.3910
      62.0676
      45.9531
      35.6794
      29.1177
      24.7203
      21.3849
      18.5392
      16.0268
      13.9224
      12.2385
      10.9466
      9.99019
      9.20930
      8.45439
      7.64038
      6.79723
      6.04888
      5.46546
      5.07702
      4.87013
      4.77223
      4.72244
      4.67286
      4.58437
      4.43161
      4.22918
      4.00274
      3.77244
      3.55275
      3.35002
      3.16569
      3.00028
      2.85381
      2.72593
      2.61611
      2.52329
      2.44402
      2.37461
      2.31210
      2.25403
      2.19838
      2.14349
      2.08802
      2.03087
      1.97123
      1.90893
      1.84556
      1.78280
      1.72204
      1.66434
      1.61054
      1.56126
      1.51697
      1.47749
      1.44223
      1.41067
      1.38233
      1.35683
      1.33381
      1.31297
      1.29403
      1.27676
      1.26088
      1.24612
      1.23222
      1.21896
      1.20615
      1.19360
      1.18115
      1.16866
      1.15600
      1.14305
      1.12973
      1.11600
      1.10205
      1.08805
      1.07417
      1.06054
      1.04731
      1.03458
      1.02245
      1.01102
      0.00000
      0.00000
  2.07940e-36
  1.27448e-19
  1.08642e-06
      39.3008
      79242.7
  2.54071e+06
  1.34677e+06
      130860.
      21539.2
      5203.62
      1668.59
      724.183
      389.776
      224.015
      135.896
      89.0883
      62.5297
      46.2790
      35.9229
      29.3126
      24.8852
      21.5277
      18.6626
      16.1323
      14.0129
      12.3173
      11.0171
      10.0552
      9.27006
      8.51063
      7.69096
      6.84142
      6.08741
      5.49986
      5.10914
      4.90176
      4.80442
      4.75563
      4.70700
      4.61892
      4.46570
      4.26210
      4.03409
      3.80208
      3.58071
      3.37644
      3.19071
      3.02408
      2.87656
      2.74780
      2.63728
      2.54393
      2.46426
      2.39455
      2.33178
      2.27348
      2.21761
      2.16248
      2.10673
      2.04926
      1.98924
      1.92649
      1.86264
      1.79939
      1.73813
      1.67997
      1.62574
      1.57609
      1.53146
      1.49171
      1.45623
      1.42448
      1.39599
      1.37037
      1.34726
      1.32635
      1.30736
      1.29006
      1.27416
      1.25939
      1.24549
      1.23224
      1.21943
      1.20689
      1.19444
      1.18194
      1.16927
      1.15630
      1.14294
      1.12917
      1.11516
      1.10110
      1.08715
      1.07346
      1.06016
      1.04737
      1.03519
      1.02371
      0.00000
      0.00000
  2.16091e-36
  1.32529e-19
  1.13030e-06
      40.8871
      82161.9
  2.62206e+06
  1.38171e+06
      133576.
      21908.3
      5278.46
      1688.99
      732.024
      393.651
      226.058
      137.033
      89.7814
      62.9888
      46.6026
      36.1647
      29.5060
      25.0488
      21.6694
      18.7850
      16.2369
      14.1026
      12.3956
      11.0870
      10.1197
      9.33038
      8.56646
      7.74116
      6.88528
      6.12565
      5.53399
      5.14103
      4.93315
      4.83637
      4.78860
      4.74092
      4.65324
      4.49957
      4.29481
      4.06525
      3.83153
      3.60850
      3.40269
      3.21558
      3.04773
      2.89917
      2.76955
      2.65833
      2.56446
      2.48439
      2.41437
      2.35135
      2.29283
      2.23673
      2.18137
      2.12534
      2.06755
      2.00715
      1.94397
      1.87963
      1.81589
      1.75416
      1.69553
      1.64088
      1.59084
      1.54590
      1.50587
      1.47017
      1.43823
      1.40960
      1.38386
      1.36065
      1.33967
      1.32064
      1.30331
      1.28740
      1.27262
      1.25873
      1.24548
      1.23268
      1.22014
      1.20769
      1.19519
      1.18250
      1.16951
      1.15612
      1.14230
      1.12824
      1.11412
      1.10010
      1.08635
      1.07299
      1.06014
      1.04791
      1.03638
      0.00000
      0.00000
  2.24444e-36
  1.37739e-19
  1.17532e-06
      42.5146
      85146.7
  2.70486e+06
  1.41706e+06
      136310.
      22278.7
      5353.34
      1709.37
      739.841
      397.512
      228.092
      138.163
      90.4703
      63.4449
      46.9240
      36.4048
      29.6981
      25.2113
      21.8102
      18.9065
      16.3408
      14.1918
      12.4733
      11.1565
      10.1838
      9.39025
      8.62189
      7.79101
      6.92882
      6.16360
      5.56787
      5.17267
      4.96431
      4.86810
      4.82135
      4.77461
      4.68735
      4.53324
      4.32733
      4.09622
      3.86081
      3.63613
      3.42879
      3.24031
      3.07125
      2.92165
      2.79116
      2.67926
      2.58486
      2.50440
      2.43408
      2.37081
      2.31207
      2.25576
      2.20016
      2.14386
      2.08576
      2.02498
      1.96136
      1.89655
      1.83232
      1.77010
      1.71102
      1.65594
      1.60553
      1.56026
      1.51997
      1.48404
      1.45193
      1.42315
      1.39729
      1.37400
      1.35295
      1.33388
      1.31651
      1.30059
      1.28581
      1.27191
      1.25868
      1.24588
      1.23335
      1.22090
      1.20840
      1.19570
      1.18269
      1.16927
      1.15541
      1.14129
      1.12711
      1.11304
      1.09922
      1.08580
      1.07289
      1.06061
      1.04904
      0.00000
      0.00000
  2.33002e-36
  1.43081e-19
  1.22148e-06
      44.1837
      88197.7
  2.78910e+06
  1.45282e+06
      139062.
      22650.2
      5428.26
      1729.71
      747.634
      401.357
      230.116
      139.287
      91.1552
      63.8982
      47.2432
      36.6432
      29.8888
      25.3727
      21.9499
      19.0272
      16.4440
      14.2803
      12.5504
      11.2255
      10.2473
      9.44970
      8.67692
      7.84050
      6.97205
      6.20128
      5.60149
      5.20408
      4.99525
      4.89961
      4.85387
      4.80808
      4.72124
      4.56670
      4.35965
      4.12700
      3.88991
      3.66359
      3.45474
      3.26488
      3.09463
      2.94399
      2.81265
      2.70007
      2.60516
      2.52431
      2.45369
      2.39018
      2.33122
      2.27469
      2.21886
      2.16230
      2.10388
      2.04273
      1.97867
      1.91339
      1.84868
      1.78598
      1.72644
      1.67094
      1.62016
      1.57457
      1.53401
      1.49786
      1.46557
      1.43664
      1.41067
      1.38729
      1.36618
      1.34706
      1.32967
      1.31373
      1.29895
      1.28506
      1.27183
      1.25905
      1.24652
      1.23408
      1.22158
      1.20887
      1.19584
      1.18238
      1.16848
      1.15431
      1.14008
      1.12594
      1.11207
      1.09858
      1.08562
      1.07329
      1.06168
      0.00000
      0.00000
  2.41766e-36
  1.48554e-19
  1.26882e-06
      45.8949
      91315.5
  2.87481e+06
  1.48899e+06
      141833.
      23022.8
      5503.21
      1750.01
      755.405
      405.189
      232.131
      140.405
      91.8361
      64.3486
      47.5604
      36.8800
      30.0782
      25.5329
      22.0887
      19.1470
      16.5464
      14.3681
      12.6269
      11.2939
      10.3105
      9.50873
      8.73157
      7.88964
      7.01497
      6.23868
      5.63487
      5.23526
      5.02596
      4.93090
      4.88618
      4.84134
      4.75493
      4.59995
      4.39178
      4.15760
      3.91884
      3.69089
      3.48053
      3.28932
      3.11787
      2.96621
      2.83402
      2.72076
      2.62534
      2.54410
      2.47319
      2.40944
      2.35026
      2.29352
      2.23746
      2.18064
      2.12191
      2.06039
      1.99590
      1.93015
      1.86496
      1.80179
      1.74179
      1.68588
      1.63472
      1.58882
      1.54799
      1.51163
      1.47915
      1.45008
      1.42400
      1.40053
      1.37936
      1.36020
      1.34279
      1.32684
      1.31205
      1.29817
      1.28495
      1.27218
      1.25966
      1.24723
      1.23472
      1.22201
      1.20896
      1.19547
      1.18153
      1.16731
      1.15302
      1.13882
      1.12489
      1.11135
      1.09833
      1.08595
      1.07430
      0.00000
      0.00000
  2.50738e-36
  1.54161e-19
  1.31733e-06
      47.6487
      94500.5
  2.96197e+06
  1.52557e+06
      144621.
      23396.6
      5578.20
      1770.29
      763.154
      409.006
      234.136
      141.518
      92.5131
      64.7962
      47.8755
      37.1152
      30.2663
      25.6920
      22.2265
      19.2660
      16.6482
      14.4554
      12.7029
      11.3619
      10.3731
      9.56736
      8.78585
      7.93844
      7.05759
      6.27582
      5.66801
      5.26621
      5.05646
      4.96198
      4.91827
      4.87439
      4.78841
      4.63301
      4.42372
      4.18803
      3.94761
      3.71803
      3.50617
      3.31361
      3.14098
      2.98831
      2.85527
      2.74134
      2.64540
      2.56379
      2.49259
      2.42860
      2.36921
      2.31227
      2.25598
      2.19890
      2.13986
      2.07797
      2.01306
      1.94684
      1.88117
      1.81752
      1.75708
      1.70075
      1.64922
      1.60300
      1.56192
      1.52533
      1.49268
      1.46347
      1.43728
      1.41373
      1.39250
      1.37329
      1.35585
      1.33989
      1.32511
      1.31124
      1.29803
      1.28527
      1.27276
      1.26034
      1.24783
      1.23511
      1.22205
      1.20853
      1.19455
      1.18028
      1.16594
      1.15168
      1.13769
      1.12409
      1.11102
      1.09859
      1.08690
      0.00000
      0.00000
  2.59922e-36
  1.59903e-19
  1.36703e-06
      49.4456
      97753.4
  3.05060e+06
  1.56256e+06
      147427.
      23771.5
      5653.22
      1790.53
      770.881
      412.809
      236.133
      142.624
      93.1862
      65.2412
      48.1886
      37.3489
      30.4531
      25.8500
      22.3634
      19.3842
      16.7492
      14.5420
      12.7784
      11.4294
      10.4354
      9.62557
      8.83975
      7.98691
      7.09991
      6.31269
      5.70091
      5.29695
      5.08675
      4.99285
      4.95016
      4.90723
      4.82169
      4.66588
      4.45547
      4.21828
      3.97621
      3.74502
      3.53167
      3.33777
      3.16396
      3.01028
      2.87640
      2.76180
      2.66536
      2.58338
      2.51188
      2.44766
      2.38807
      2.33092
      2.27441
      2.21707
      2.15772
      2.09547
      2.03014
      1.96346
      1.89731
      1.83319
      1.77230
      1.71555
      1.66366
      1.61713
      1.57578
      1.53898
      1.50616
      1.47681
      1.45051
      1.42687
      1.40558
      1.38634
      1.36888
      1.35291
      1.33813
      1.32426
      1.31107
      1.29832
      1.28583
      1.27341
      1.26091
      1.24819
      1.23511
      1.22157
      1.20754
      1.19323
      1.17883
      1.16452
      1.15046
      1.13681
      1.12369
      1.11121
      1.09948
      0.00000
      0.00000
  2.69318e-36
  1.65782e-19
  1.41794e-06
      51.2861
      101075.
  3.14071e+06
  1.59996e+06
      150250.
      24147.6
      5728.28
      1810.74
      778.585
      416.598
      238.121
      143.726
      93.8555
      65.6834
      48.4997
      37.5810
      30.6387
      26.0070
      22.4993
      19.5016
      16.8495
      14.6281
      12.8534
      11.4964
      10.4972
      9.68340
      8.89330
      8.03505
      7.14194
      6.34931
      5.73358
      5.32747
      5.11683
      5.02351
      4.98185
      4.93988
      4.85477
      4.69856
      4.48705
      4.24836
      4.00465
      3.77186
      3.55703
      3.36179
      3.18681
      3.03212
      2.89742
      2.78215
      2.68522
      2.60286
      2.53108
      2.46663
      2.40683
      2.34948
      2.29275
      2.23515
      2.17551
      2.11290
      2.04714
      1.98000
      1.91337
      1.84879
      1.78745
      1.73030
      1.67804
      1.63120
      1.58959
      1.55258
      1.51958
      1.49010
      1.46369
      1.43997
      1.41862
      1.39934
      1.38186
      1.36588
      1.35111
      1.33725
      1.32407
      1.31134
      1.29886
      1.28645
      1.27396
      1.26123
      1.24814
      1.23457
      1.22051
      1.20615
      1.19169
      1.17733
      1.16322
      1.14951
      1.13634
      1.12382
      1.11205
      0.00000
      0.00000
  2.78929e-36
  1.71799e-19
  1.47007e-06
      53.1706
      104465.
  3.23229e+06
  1.63776e+06
      153091.
      24524.7
      5803.37
      1830.93
      786.269
      420.374
      240.101
      144.821
      94.5212
      66.1231
      48.8089
      37.8116
      30.8230
      26.1630
      22.6344
      19.6183
      16.9492
      14.7135
      12.9278
      11.5630
      10.5586
      9.74084
      8.94648
      8.08287
      7.18368
      6.38567
      5.76602
      5.35778
      5.14670
      5.05397
      5.01333
      4.97232
      4.88766
      4.73105
      4.51845
      4.27828
      4.03293
      3.79854
      3.58224
      3.38569
      3.20953
      3.05385
      2.91832
      2.80240
      2.70497
      2.62224
      2.55018
      2.48550
      2.42550
      2.36795
      2.31100
      2.25316
      2.19321
      2.13024
      2.06406
      1.99647
      1.92937
      1.86432
      1.80254
      1.74498
      1.69236
      1.64521
      1.60335
      1.56613
      1.53296
      1.50333
      1.47682
      1.45302
      1.43162
      1.41230
      1.39480
      1.37882
      1.36404
      1.35020
      1.33703
      1.32432
      1.31186
      1.29946
      1.28697
      1.27424
      1.26114
      1.24754
      1.23345
      1.21904
      1.20454
      1.19012
      1.17595
      1.16219
      1.14897
      1.13640
      1.12460
      0.00000
      0.00000
  2.88758e-36
  1.77956e-19
  1.52344e-06
      55.0997
      107924.
  3.32535e+06
  1.67598e+06
      155950.
      24903.0
      5878.49
      1851.08
      793.931
      424.136
      242.072
      145.911
      95.1832
      66.5601
      49.1162
      38.0407
      31.0062
      26.3179
      22.7685
      19.7341
      17.0482
      14.7984
      13.0018
      11.6291
      10.6196
      9.79790
      8.99932
      8.13037
      7.22515
      6.42179
      5.79824
      5.38788
      5.17638
      5.08424
      5.04462
      5.00457
      4.92036
      4.76335
      4.54967
      4.30802
      4.06106
      3.82508
      3.60732
      3.40945
      3.23214
      3.07546
      2.93911
      2.82253
      2.72461
      2.64152
      2.56919
      2.50428
      2.44408
      2.38634
      2.32917
      2.27108
      2.21084
      2.14751
      2.08092
      2.01287
      1.94531
      1.87979
      1.81757
      1.75961
      1.70663
      1.65916
      1.61705
      1.57962
      1.54628
      1.51652
      1.48990
      1.46603
      1.44457
      1.42521
      1.40769
      1.39171
      1.37694
      1.36311
      1.34996
      1.33727
      1.32482
      1.31244
      1.29996
      1.28722
      1.27411
      1.26049
      1.24636
      1.23191
      1.21736
      1.20288
      1.18867
      1.17485
      1.16158
      1.14897
      1.13713
      0.00000
      0.00000
  2.98806e-36
  1.84253e-19
  1.57805e-06
      57.0738
      111454.
  3.41990e+06
  1.71460e+06
      158826.
      25282.3
      5953.65
      1871.20
      801.573
      427.886
      244.035
      146.996
      95.8417
      66.9947
      49.4216
      38.2684
      31.1882
      26.4718
      22.9019
      19.8492
      17.1466
      14.8827
      13.0752
      11.6948
      10.6802
      9.85458
      9.05182
      8.17757
      7.26634
      6.45766
      5.83024
      5.41778
      5.20585
      5.11431
      5.07572
      5.03664
      4.95287
      4.79548
      4.58072
      4.33761
      4.08903
      3.85148
      3.63226
      3.43308
      3.25462
      3.09696
      2.95979
      2.84256
      2.74416
      2.66071
      2.58810
      2.52297
      2.46258
      2.40464
      2.34726
      2.28892
      2.22839
      2.16471
      2.09770
      2.02920
      1.96117
      1.89520
      1.83254
      1.77417
      1.72083
      1.67307
      1.63070
      1.59306
      1.55955
      1.52966
      1.50294
      1.47899
      1.45747
      1.43808
      1.42055
      1.40456
      1.38980
      1.37599
      1.36286
      1.35018
      1.33775
      1.32538
      1.31291
      1.30018
      1.28705
      1.27341
      1.25925
      1.24476
      1.23015
      1.21563
      1.20136
      1.18749
      1.17417
      1.16152
      1.14964
      0.00000
      0.00000
  3.09075e-36
  1.90693e-19
  1.63392e-06
      59.0934
      115054.
  3.51595e+06
  1.75362e+06
      161719.
      25662.7
      6028.83
      1891.30
      809.194
      431.622
      245.990
      148.076
      96.4966
      67.4267
      49.7251
      38.4946
      31.3690
      26.6247
      23.0343
      19.9636
      17.2443
      14.9665
      13.1482
      11.7600
      10.7404
      9.91091
      9.10398
      8.22446
      7.30727
      6.49330
      5.86203
      5.44747
      5.23514
      5.14419
      5.10663
      5.06851
      4.98520
      4.82743
      4.61161
      4.36704
      4.11685
      3.87774
      3.65707
      3.45658
      3.27698
      3.11834
      2.98036
      2.86249
      2.76360
      2.67980
      2.60692
      2.54157
      2.48098
      2.42285
      2.36527
      2.30669
      2.24586
      2.18183
      2.11441
      2.04547
      1.97697
      1.91054
      1.84745
      1.78868
      1.73498
      1.68691
      1.64429
      1.60645
      1.57278
      1.54275
      1.51593
      1.49191
      1.47034
      1.45092
      1.43337
      1.41738
      1.40263
      1.38882
      1.37571
      1.36306
      1.35065
      1.33830
      1.32583
      1.31310
      1.29996
      1.28631
      1.27211
      1.25758
      1.24293
      1.22835
      1.21403
      1.20011
      1.18674
      1.17405
      1.16214
      0.00000
      0.00000
  3.19568e-36
  1.97277e-19
  1.69106e-06
      61.1590
      118726.
  3.61349e+06
  1.79305e+06
      164629.
      26044.1
      6104.05
      1911.36
      816.796
      435.346
      247.936
      149.150
      97.1481
      67.8563
      50.0269
      38.7195
      31.5486
      26.7767
      23.1659
      20.0773
      17.3414
      15.0497
      13.2207
      11.8248
      10.8002
      9.96687
      9.15581
      8.27106
      7.34793
      6.52870
      5.89360
      5.47698
      5.26424
      5.17389
      5.13735
      5.10020
      5.01735
      4.85921
      4.64233
      4.39631
      4.14453
      3.90386
      3.68175
      3.47997
      3.29923
      3.13962
      3.00083
      2.88232
      2.78295
      2.69879
      2.62564
      2.56008
      2.49931
      2.44098
      2.38320
      2.32437
      2.26326
      2.19888
      2.13106
      2.06166
      1.99271
      1.92582
      1.86230
      1.80313
      1.74908
      1.70071
      1.65784
      1.61979
      1.58595
      1.55580
      1.52887
      1.50478
      1.48316
      1.46370
      1.44614
      1.43015
      1.41541
      1.40163
      1.38854
      1.37590
      1.36352
      1.35118
      1.33872
      1.32599
      1.31285
      1.29918
      1.28495
      1.27038
      1.25568
      1.24105
      1.22668
      1.21271
      1.19930
      1.18657
      1.17462
      0.00000
      0.00000
  3.30286e-36
  2.04006e-19
  1.74949e-06
      63.2711
      122468.
  3.71254e+06
  1.83289e+06
      167556.
      26426.7
      6179.31
      1931.40
      824.377
      439.057
      249.875
      150.220
      97.7962
      68.2835
      50.3268
      38.9430
      31.7272
      26.9277
      23.2968
      20.1902
      17.4379
      15.1324
      13.2927
      11.8892
      10.8597
      10.0225
      9.20732
      8.31736
      7.38833
      6.56387
      5.92497
      5.50629
      5.29315
      5.20340
      5.16790
      5.13171
      5.04932
      4.89082
      4.67288
      4.42543
      4.17206
      3.92984
      3.70630
      3.50323
      3.32136
      3.16078
      3.02119
      2.90205
      2.80220
      2.71770
      2.64428
      2.57851
      2.51754
      2.45904
      2.40104
      2.34198
      2.28058
      2.21586
      2.14763
      2.07779
      2.00838
      1.94105
      1.87709
      1.81752
      1.76312
      1.71445
      1.67133
      1.63308
      1.59908
      1.56880
      1.54177
      1.51760
      1.49594
      1.47645
      1.45888
      1.44289
      1.42816
      1.41439
      1.40132
      1.38872
      1.37635
      1.36403
      1.35159
      1.33886
      1.32571
      1.31202
      1.29776
      1.28315
      1.26841
      1.25373
      1.23931
      1.22529
      1.21184
      1.19906
      1.18709
      0.00000
      0.00000
  3.41233e-36
  2.10882e-19
  1.80922e-06
      65.4301
      126283.
  3.81309e+06
  1.87312e+06
      170500.
      26810.2
      6254.59
      1951.41
      831.939
      442.756
      251.806
      151.284
      98.4409
      68.7084
      50.6251
      39.1651
      31.9047
      27.0778
      23.4268
      20.3024
      17.5338
      15.2146
      13.3643
      11.9532
      10.9187
      10.0777
      9.25851
      8.36338
      7.42848
      6.59882
      5.95613
      5.53541
      5.32188
      5.23273
      5.19826
      5.16305
      5.08112
      4.92226
      4.70328
      4.45439
      4.19945
      3.95569
      3.73073
      3.52637
      3.34337
      3.18183
      3.04145
      2.92167
      2.82136
      2.73651
      2.66283
      2.59685
      2.53570
      2.47701
      2.41882
      2.35952
      2.29784
      2.23277
      2.16414
      2.09386
      2.02399
      1.95621
      1.89182
      1.83186
      1.77711
      1.72814
      1.68478
      1.64632
      1.61216
      1.58175
      1.55463
      1.53039
      1.50867
      1.48916
      1.47157
      1.45559
      1.44087
      1.42712
      1.41408
      1.40149
      1.38915
      1.37685
      1.36442
      1.35170
      1.33855
      1.32484
      1.31055
      1.29590
      1.28111
      1.26639
      1.25191
      1.23785
      1.22435
      1.21154
      1.19954
      0.00000
      0.00000
  3.52409e-36
  2.17907e-19
  1.87027e-06
      67.6365
      130171.
  3.91516e+06
  1.91376e+06
      173461.
      27194.8
      6329.90
      1971.39
      839.482
      446.443
      253.729
      152.344
      99.0824
      69.1310
      50.9216
      39.3860
      32.0810
      27.2270
      23.5560
      20.4140
      17.6291
      15.2963
      13.4355
      12.0168
      10.9774
      10.1327
      9.30939
      8.40911
      7.46838
      6.63355
      5.98710
      5.56434
      5.35043
      5.26189
      5.22845
      5.19420
      5.11275
      4.95353
      4.73352
      4.48321
      4.22670
      3.98140
      3.75502
      3.54940
      3.36528
      3.20278
      3.06161
      2.94121
      2.84043
      2.75523
      2.68129
      2.61510
      2.55377
      2.49490
      2.43651
      2.37698
      2.31502
      2.24961
      2.18058
      2.10986
      2.03954
      1.97131
      1.90649
      1.84614
      1.79104
      1.74178
      1.69817
      1.65952
      1.62520
      1.59466
      1.56745
      1.54313
      1.52137
      1.50183
      1.48423
      1.46825
      1.45355
      1.43982
      1.42680
      1.41424
      1.40192
      1.38964
      1.37723
      1.36451
      1.35135
      1.33763
      1.32332
      1.30863
      1.29380
      1.27903
      1.26450
      1.25040
      1.23686
      1.22401
      1.21198
      0.00000
      0.00000
  3.63817e-36
  2.25081e-19
  1.93264e-06
      69.8909
      134132.
  4.01875e+06
  1.95480e+06
      176438.
      27580.4
      6405.25
      1991.34
      847.005
      450.117
      255.645
      153.399
      99.7207
      69.5512
      51.2164
      39.6055
      32.2564
      27.3753
      23.6844
      20.5249
      17.7238
      15.3775
      13.5061
      12.0800
      11.0357
      10.1873
      9.35996
      8.45457
      7.50803
      6.66806
      6.01787
      5.59310
      5.37881
      5.29087
      5.25846
      5.22519
      5.14421
      4.98464
      4.76360
      4.51188
      4.25381
      4.00699
      3.77920
      3.57231
      3.38708
      3.22363
      3.08166
      2.96064
      2.85940
      2.77386
      2.69967
      2.63328
      2.57177
      2.51272
      2.45413
      2.39437
      2.33213
      2.26639
      2.19696
      2.12580
      2.05503
      1.98635
      1.92111
      1.86037
      1.80492
      1.75536
      1.71152
      1.67267
      1.63819
      1.60753
      1.58022
      1.55584
      1.53403
      1.51446
      1.49685
      1.48087
      1.46619
      1.45248
      1.43949
      1.42696
      1.41466
      1.40241
      1.39000
      1.37730
      1.36414
      1.35040
      1.33606
      1.32133
      1.30646
      1.29164
      1.27707
      1.26292
      1.24934
      1.23646
      1.22439
      0.00000
      0.00000
  3.75460e-36
  2.32406e-19
  1.99635e-06
      72.1936
      138167.
  4.12386e+06
  1.99625e+06
      179432.
      27967.1
      6480.62
      2011.27
      854.510
      453.780
      257.554
      154.449
      100.356
      69.9693
      51.5096
      39.8237
      32.4307
      27.5227
      23.8121
      20.6351
      17.8179
      15.4581
      13.5764
      12.1428
      11.0937
      10.2415
      9.41023
      8.49976
      7.54744
      6.70235
      6.04845
      5.62168
      5.40701
      5.31968
      5.28831
      5.25601
      5.17550
      5.01559
      4.79354
      4.54041
      4.28079
      4.03245
      3.80326
      3.59510
      3.40877
      3.24437
      3.10163
      2.97999
      2.87829
      2.79241
      2.71796
      2.65137
      2.58968
      2.53046
      2.47168
      2.41169
      2.34917
      2.28309
      2.21327
      2.14168
      2.07046
      2.00134
      1.93568
      1.87454
      1.81876
      1.76890
      1.72481
      1.68577
      1.65113
      1.62035
      1.59295
      1.56850
      1.54664
      1.52705
      1.50944
      1.49346
      1.47879
      1.46511
      1.45214
      1.43964
      1.42737
      1.41514
      1.40275
      1.39005
      1.37689
      1.36314
      1.34877
      1.33402
      1.31910
      1.30424
      1.28963
      1.27543
      1.26181
      1.24889
      1.23680
      0.00000
      0.00000
  3.87338e-36
  2.39883e-19
  2.06141e-06
      74.5452
      142276.
  4.23050e+06
  2.03809e+06
      182443.
      28354.7
      6556.03
      2031.17
      861.997
      457.432
      259.455
      155.494
      100.988
      70.3851
      51.8012
      40.0407
      32.6039
      27.6692
      23.9390
      20.7447
      17.9115
      15.5383
      13.6462
      12.2053
      11.1513
      10.2955
      9.46020
      8.54468
      7.58661
      6.73644
      6.07884
      5.65007
      5.43504
      5.34833
      5.31798
      5.28667
      5.20664
      5.04639
      4.82332
      4.56879
      4.30764
      4.05778
      3.82720
      3.61779
      3.43035
      3.26502
      3.12149
      2.99924
      2.89708
      2.81087
      2.73617
      2.66938
      2.60752
      2.54812
      2.48915
      2.42894
      2.36614
      2.29974
      2.22952
      2.15750
      2.08583
      2.01627
      1.95019
      1.88867
      1.83254
      1.78239
      1.73807
      1.69883
      1.66403
      1.63313
      1.60563
      1.58112
      1.55922
      1.53961
      1.52198
      1.50602
      1.49136
      1.47771
      1.46477
      1.45229
      1.44005
      1.42784
      1.41548
      1.40279
      1.38962
      1.37586
      1.36147
      1.34668
      1.33172
      1.31682
      1.30216
      1.28792
      1.27426
      1.26130
      1.24919
      0.00000
      0.00000
  3.99455e-36
  2.47515e-19
  2.12784e-06
      76.9462
      146459.
  4.33867e+06
  2.08034e+06
      185470.
      28743.4
      6631.46
      2051.05
      869.465
      461.072
      261.348
      156.535
      101.617
      70.7988
      52.0912
      40.2564
      32.7762
      27.8149
      24.0652
      20.8536
      18.0046
      15.6180
      13.7156
      12.2673
      11.2086
      10.3491
      9.50989
      8.58933
      7.62555
      6.77032
      6.10904
      5.67830
      5.46291
      5.37681
      5.34750
      5.31716
      5.23761
      5.07703
      4.85296
      4.59704
      4.33435
      4.08299
      3.85102
      3.64036
      3.45183
      3.28556
      3.14127
      3.01840
      2.91579
      2.82925
      2.75431
      2.68732
      2.62528
      2.56571
      2.50655
      2.44611
      2.38305
      2.31631
      2.24571
      2.17326
      2.10115
      2.03114
      1.96464
      1.90274
      1.84627
      1.79584
      1.75127
      1.71184
      1.67689
      1.64587
      1.61828
      1.59370
      1.57176
      1.55212
      1.53450
      1.51854
      1.50390
      1.49027
      1.47736
      1.46491
      1.45270
      1.44052
      1.42817
      1.41549
      1.40233
      1.38855
      1.37414
      1.35931
      1.34432
      1.32937
      1.31467
      1.30039
      1.28669
      1.27370
      1.26156
      0.00000
      0.00000
  4.11813e-36
  2.55302e-19
  2.19565e-06
      79.3970
      150718.
  4.44838e+06
  2.12298e+06
      188513.
      29133.0
      6706.92
      2070.89
      876.915
      464.700
      263.235
      157.571
      102.243
      71.2103
      52.3796
      40.4710
      32.9475
      27.9598
      24.1907
      20.9620
      18.0971
      15.6973
      13.7846
      12.3290
      11.2656
      10.4024
      9.55928
      8.63373
      7.66427
      6.80399
      6.13907
      5.70636
      5.49061
      5.40512
      5.37685
      5.34749
      5.26842
      5.10752
      4.88245
      4.62515
      4.36093
      4.10808
      3.87473
      3.66283
      3.47321
      3.30601
      3.16094
      3.03748
      2.93441
      2.84754
      2.77236
      2.70517
      2.64297
      2.58323
      2.52388
      2.46322
      2.39989
      2.33283
      2.26183
      2.18896
      2.11641
      2.04596
      1.97905
      1.91676
      1.85995
      1.80923
      1.76443
      1.72481
      1.68971
      1.65856
      1.63089
      1.60625
      1.58426
      1.56460
      1.54697
      1.53102
      1.51641
      1.50280
      1.48992
      1.47751
      1.46533
      1.45317
      1.44084
      1.42817
      1.41501
      1.40122
      1.38679
      1.37193
      1.35690
      1.34191
      1.32717
      1.31284
      1.29910
      1.28609
      1.27392
      0.00000
      0.00000
  4.24412e-36
  2.63245e-19
  2.26485e-06
      81.8980
      155053.
  4.55964e+06
  2.16602e+06
      191573.
      29523.7
      6782.42
      2090.72
      884.348
      468.318
      265.115
      158.603
      102.865
      71.6198
      52.6664
      40.6843
      33.1178
      28.1038
      24.3154
      21.0696
      18.1890
      15.7761
      13.8532
      12.3904
      11.3222
      10.4554
      9.60840
      8.67787
      7.70275
      6.83747
      6.16891
      5.73425
      5.51815
      5.43328
      5.40604
      5.37766
      5.29908
      5.13786
      4.91180
      4.65312
      4.38739
      4.13305
      3.89832
      3.68519
      3.49448
      3.32636
      3.18053
      3.05646
      2.95295
      2.86576
      2.79033
      2.72295
      2.66058
      2.60067
      2.54114
      2.48027
      2.41667
      2.34928
      2.27790
      2.20460
      2.13161
      2.06073
      1.99340
      1.93073
      1.87359
      1.82258
      1.77754
      1.73773
      1.70248
      1.67122
      1.64345
      1.61875
      1.59673
      1.57705
      1.55941
      1.54347
      1.52888
      1.51530
      1.50245
      1.49007
      1.47792
      1.46579
      1.45348
      1.44082
      1.42767
      1.41387
      1.39942
      1.38453
      1.36946
      1.35443
      1.33964
      1.32528
      1.31150
      1.29846
      1.28627
      0.00000
      0.00000
  4.37257e-36
  2.71347e-19
  2.33545e-06
      84.4499
      159464.
  4.67244e+06
  2.20946e+06
      194649.
      29915.3
      6857.94
      2110.52
      891.763
      471.924
      266.988
      159.630
      103.485
      72.0272
      52.9517
      40.8965
      33.2871
      28.2470
      24.4395
      21.1767
      18.2805
      15.8544
      13.9214
      12.4513
      11.3785
      10.5081
      9.65724
      8.72176
      7.74102
      6.87075
      6.19857
      5.76198
      5.54553
      5.46128
      5.43508
      5.40768
      5.32959
      5.16805
      4.94101
      4.68097
      4.41372
      4.15790
      3.92181
      3.70744
      3.51566
      3.34662
      3.20003
      3.07536
      2.97141
      2.88389
      2.80822
      2.74066
      2.67812
      2.61805
      2.55834
      2.49724
      2.43338
      2.36567
      2.29390
      2.22018
      2.14675
      2.07544
      2.00770
      1.94466
      1.88717
      1.83588
      1.79061
      1.75061
      1.71521
      1.68383
      1.65598
      1.63122
      1.60915
      1.58946
      1.57182
      1.55589
      1.54132
      1.52777
      1.51495
      1.50260
      1.49048
      1.47838
      1.46610
      1.45345
      1.44030
      1.42650
      1.41202
      1.39710
      1.38200
      1.36693
      1.35210
      1.33770
      1.32389
      1.31081
      1.29860
      0.00000
      0.00000
  4.50348e-36
  2.79609e-19
  2.40748e-06
      87.0529
      163952.
  4.78680e+06
  2.25330e+06
      197740.
      30307.9
      6933.49
      2130.29
      899.160
      475.520
      268.854
      160.653
      104.103
      72.4325
      53.2356
      41.1075
      33.4555
      28.3894
      24.5628
      21.2832
      18.3714
      15.9323
      13.9892
      12.5120
      11.4344
      10.5605
      9.70580
      8.76541
      7.77907
      6.90384
      6.22807
      5.78954
      5.57275
      5.48913
      5.46396
      5.43754
      5.35995
      5.19810
      4.97008
      4.70868
      4.43993
      4.18264
      3.94518
      3.72960
      3.53674
      3.36678
      3.21944
      3.09417
      2.98978
      2.90195
      2.82604
      2.75829
      2.69558
      2.63535
      2.57546
      2.51415
      2.45003
      2.38199
      2.30985
      2.23571
      2.16185
      2.09011
      2.02195
      1.95853
      1.90071
      1.84914
      1.80364
      1.76345
      1.72790
      1.69641
      1.66847
      1.64365
      1.62155
      1.60183
      1.58419
      1.56828
      1.55372
      1.54020
      1.52742
      1.51511
      1.50302
      1.49095
      1.47869
      1.46606
      1.45291
      1.43910
      1.42460
      1.40966
      1.39452
      1.37941
      1.36454
      1.35010
      1.33626
      1.32315
      1.31092
      0.00000
      0.00000
  4.63687e-36
  2.88032e-19
  2.48094e-06
      89.7077
      168517.
  4.90271e+06
  2.29753e+06
      200848.
      30701.4
      7009.07
      2150.04
      906.541
      479.105
      270.713
      161.672
      104.717
      72.8359
      53.5179
      41.3174
      33.6230
      28.5311
      24.6855
      21.3891
      18.4618
      16.0097
      14.0566
      12.5722
      11.4901
      10.6127
      9.75410
      8.80882
      7.81690
      6.93674
      6.25739
      5.81695
      5.59983
      5.51682
      5.49269
      5.46726
      5.39016
      5.22801
      4.99901
      4.73626
      4.46601
      4.20726
      3.96845
      3.75165
      3.55772
      3.38686
      3.23876
      3.11290
      3.00808
      2.91992
      2.84378
      2.77584
      2.71298
      2.65259
      2.59252
      2.53100
      2.46661
      2.39826
      2.32574
      2.25118
      2.17688
      2.10471
      2.03615
      1.97236
      1.91421
      1.86236
      1.81662
      1.77625
      1.74055
      1.70894
      1.68092
      1.65604
      1.63390
      1.61417
      1.59653
      1.58063
      1.56610
      1.55261
      1.53986
      1.52758
      1.51553
      1.50349
      1.49125
      1.47864
      1.46550
      1.45168
      1.43717
      1.42219
      1.40702
      1.39187
      1.37697
      1.36249
      1.34861
      1.33547
      1.32322
      0.00000
      0.00000
  4.77278e-36
  2.96617e-19
  2.55584e-06
      92.4147
      173160.
  5.02018e+06
  2.34217e+06
      203972.
      31095.9
      7084.67
      2169.76
      913.905
      482.679
      272.566
      162.687
      105.328
      73.2373
      53.7988
      41.5261
      33.7896
      28.6719
      24.8075
      21.4944
      18.5517
      16.0867
      14.1237
      12.6322
      11.5454
      10.6645
      9.80213
      8.85198
      7.85452
      6.96945
      6.28654
      5.84420
      5.62675
      5.54437
      5.52128
      5.49682
      5.42023
      5.25777
      5.02781
      4.76372
      4.49198
      4.23177
      3.99161
      3.77360
      3.57861
      3.40684
      3.25799
      3.13155
      3.02629
      2.93782
      2.86145
      2.79333
      2.73031
      2.66976
      2.60951
      2.54778
      2.48314
      2.41447
      2.34157
      2.26660
      2.19187
      2.11927
      2.05031
      1.98613
      1.92766
      1.87553
      1.82956
      1.78900
      1.75316
      1.72144
      1.69334
      1.66839
      1.64622
      1.62647
      1.60883
      1.59295
      1.57844
      1.56499
      1.55227
      1.54003
      1.52802
      1.51600
      1.50379
      1.49120
      1.47806
      1.46424
      1.44971
      1.43471
      1.41950
      1.40432
      1.38937
      1.37486
      1.36094
      1.34778
      1.33551
      0.00000
      0.00000
  4.91121e-36
  3.05366e-19
  2.63220e-06
      95.1743
      177881.
  5.13922e+06
  2.38719e+06
      207111.
      31491.3
      7160.30
      2189.46
      921.252
      486.244
      274.412
      163.697
      105.937
      73.6367
      54.0783
      41.7338
      33.9553
      28.8120
      24.9289
      21.5992
      18.6411
      16.1633
      14.1904
      12.6918
      11.6005
      10.7161
      9.84991
      8.89491
      7.89194
      7.00198
      6.31553
      5.87129
      5.65352
      5.57177
      5.54971
      5.52624
      5.45015
      5.28740
      5.05648
      4.79105
      4.51783
      4.25616
      4.01467
      3.79545
      3.59941
      3.42673
      3.27715
      3.15012
      3.04443
      2.95565
      2.87904
      2.81074
      2.74757
      2.68686
      2.62644
      2.56451
      2.49960
      2.43062
      2.35735
      2.28196
      2.20680
      2.13378
      2.06441
      1.99987
      1.94106
      1.88865
      1.84246
      1.80172
      1.76573
      1.73390
      1.70571
      1.68071
      1.65851
      1.63874
      1.62111
      1.60524
      1.59076
      1.57733
      1.56465
      1.55245
      1.54047
      1.52849
      1.51630
      1.50373
      1.49060
      1.47677
      1.46223
      1.44720
      1.43196
      1.41674
      1.40176
      1.38721
      1.37326
      1.36008
      1.34778
      0.00000
      0.00000
  5.05219e-36
  3.14280e-19
  2.71004e-06
      97.9871
      182681.
  5.25983e+06
  2.43262e+06
      210266.
      31887.7
      7235.96
      2209.13
      928.583
      489.797
      276.252
      164.704
      106.543
      74.0342
      54.3564
      41.9403
      34.1201
      28.9514
      25.0496
      21.7034
      18.7301
      16.2395
      14.2567
      12.7511
      11.6552
      10.7673
      9.89742
      8.93762
      7.92915
      7.03433
      6.34436
      5.89824
      5.68015
      5.59902
      5.57801
      5.55552
      5.47993
      5.31689
      5.08502
      4.81826
      4.54357
      4.28045
      4.03762
      3.81720
      3.62011
      3.44654
      3.29621
      3.16860
      3.06249
      2.97340
      2.89656
      2.82809
      2.76476
      2.70390
      2.64331
      2.58116
      2.51601
      2.44671
      2.37307
      2.29727
      2.22168
      2.14824
      2.07847
      2.01355
      1.95442
      1.90173
      1.85532
      1.81440
      1.77826
      1.74632
      1.71805
      1.69300
      1.67076
      1.65098
      1.63335
      1.61749
      1.60304
      1.58965
      1.57701
      1.56484
      1.55290
      1.54095
      1.52879
      1.51624
      1.50312
      1.48929
      1.47473
      1.45967
      1.44440
      1.42915
      1.41413
      1.39955
      1.38557
      1.37236
      1.36004
      0.00000
      0.00000
  5.19574e-36
  3.23361e-19
  2.78935e-06
      100.853
      187560.
  5.38202e+06
  2.47843e+06
      213437.
      32285.0
      7311.65
      2228.79
      935.897
      493.341
      278.085
      165.706
      107.146
      74.4299
      54.6330
      42.1458
      34.2840
      29.0900
      25.1696
      21.8070
      18.8186
      16.3153
      14.3226
      12.8100
      11.7096
      10.8183
      9.94469
      8.98009
      7.96616
      7.06650
      6.37302
      5.92503
      5.70663
      5.62613
      5.60616
      5.58466
      5.50957
      5.34624
      5.11343
      4.84535
      4.56919
      4.30463
      4.06048
      3.83886
      3.64072
      3.46626
      3.31520
      3.18701
      3.08047
      2.99108
      2.91402
      2.84536
      2.78188
      2.72087
      2.66011
      2.59776
      2.53236
      2.46275
      2.38873
      2.31252
      2.23651
      2.16265
      2.09248
      2.02719
      1.96774
      1.91478
      1.86814
      1.82703
      1.79076
      1.75871
      1.73036
      1.70525
      1.68297
      1.66318
      1.64555
      1.62972
      1.61529
      1.60194
      1.58933
      1.57721
      1.56531
      1.55339
      1.54126
      1.52872
      1.51561
      1.50178
      1.48720
      1.47213
      1.45683
      1.44154
      1.42649
      1.41187
      1.39786
      1.38462
      1.37229
